address,count
12CUn2S5D8oDRWpUq9afu9EtG7mzTziWQX,2
bc1q20d2cdvy2x83h3ssrz5lgryy4c9wqxsgc749ej,13
1DQokwQyYrfG2tFPKBaSPE47uwJhYWgSXk,7
145uc1qBVTBvvQGuXCCw8z77bLJzTzDbPY,61
15YshMrGDJVHhv6fa9znCHLx9fBjTTzcXP,106
1NwCmg8gZW7KykrA7mX16zugNZZuckPg5o,14
1434Uv4jR8J9oZwUw9fq6XZjfVShHTNsTV,4
1PQ47JrmYcMDCeFbJM15xLP2hi83bDagSN,13
17n24tRbfPpS6921qrMQ2wyaFUL2Q2oa13,12
bc1q8n86a8wnffcpmf4x0c48mx09wdfskapvhs3ztn,3
1BxLHAUWAhN2LHWgvB9nJZRi93jjK2w2rx,18
1J14vYVfXBoQZXeDRhb9M1DzARiTKxe2Tb,1
14EnqBDJMHF5QWrmwCYE7WvfinyZZGHo89,2
18b7eyatTwZ8mvSCXRRxjNjvr3DPwhh6bU,16
1CAYBK3kChrrPFHfz1dY5pccFDxCRyG5Fd,1
1F38PqPwKY9CiSE4SCgqkdyeGhxNMKAB6i,1
12Bq1XhEkLh61kYzaPgi3W9bh6bYEyutDW,2
1HWn6MpsQDHqBHKjeKR3vAs2cHjqTDU4ty,7
13TjDyWFsQGsNXGxYKU5ewjTyYUMrFHvac,17
13oErxaALstYoKSxzpRSyeRMph2dHKQbok,2
1BzDbj9cpt3mWLocTYLjvUr8Qg66pByes3,7
12z144ozipkU2igPPo5hufKHoULWuBzi9D,12
1MMDtzvJRpdz25qhxnvRYuCPKPvqsjZbmM,1
17j73funvnLZe9KfP5hfyWGH9y7vZ9sutM,3
16EHGoD1gtcE53TWtkKrgXpzmv7CK3mxkm,8
1AwS3wRFNCoymKs69BXjAA4VfgWvuKvx4j,4
16ty9iygA4N1uw8Tu7ssGV5SeHscAAXjXP,2
14udFRS6AdnQNJZn9RZ1H3LtSqP7k2UeTC,76
1Cw7uQakqTLnch4HdGAiGdcBk2ynKV8T3s,40
1AmJChMdxVVR67kqrbpUHu2huYEfU2Yqw4,5
15EFF1BFgjvAQmGd8b3o5eUToRvycMB75a,27
14Q7MPb23WL8LjMks6mU8ELGW8WsEfYoLT,3
1P3KQWLsTPXVWimiF2Q6WSES5vbJE8be5i,7
1DDLbWq8Lbew9afpijiPME4M3jKSKEREFk,1
138kNmWCdJxGUGUxMzgcjMpHVhqGaDrh1k,7
1LxW4z23GF3sG9tWhaUtTJd1UHcKu7UiY7,4
15WzA2u8yBsMnhAVnGLmuSYHqB2vivD6jK,7
1Dd7q2pKDSiJWhnA4sWGH7yUESz7L1nC2T,25
1AQpq4HsmEiB1svsMBxkq6u54GtZAv14ah,15
1MZUaVy6y7vmwh2MqMKTFy2JiqXteyevpN,23
1G1piTQmdZvTYjwyhEUszLVvC3YkximNFg,28
1FEfPiBhYhpCxMPxBV8JYH16XkpDPd9Nuc,1
bc1qwjxx2kkatn6x7we8d3zw6rhmympnha6tkcp7ls,56
1NxPkLganz6Ws7TG3Akm2oPMWUkgNi9Z4D,1
1GLQv2h2pYt746vcvcXJim5C9aKpgTpqrk,2
1WweVUK8kLmSNt6yKKqwVxch3Z7Lw5HAY,30
15qPW3kdcJDrcbGMQS4b7Ws7iWa1ERhF4x,1
19TETBYKmSjuqPcLEpmpLmQ6P3QyrSN1Jm,1
bc1qrzajz260xpgpf977yxf0hxqe8r0lt99s3s4z8l,1
1DUJ8YzDvMTSjKtU6mz5i17EKaBDZ5dAnR,1
1K77cjVhcVtek5UG4N1UaEqqFzqfuX5xjA,1
1CQbYAGmrudnEmgzs77LPXjLRTFuCFWCmp,1
1DyjY5oLH5kNkLzn4Cjc7K4kexSJa2tnj1,1
1AV3hDLsr7hLBkv9eWvFvsFNTCCNww9eAo,21
1Efr4QE8kegkTvBnkyhVYCHH5z7UBNhuNc,4
183kqceNg8nYFLuxQEHN9oj2XqY8F1CCBV,2
1HmkSRiAtjgFM7aWbibGHgNrbEmemv9T5k,1
1PZUdb6C2vfo8SkPTUck8srdVQDwHuCESM,3
13mXdiMzXyJZQ48K6cHMBso1qkcG7Ujgy3,61
14R4kRhmdZw6jpcFRtb7kr2wQb2R994wsU,1
14xJqdZXuQycTutvqCB8ksq9HLwaSFKZgF,1
1AWPiVC5d6vWfnHmteXG1mnNe3pXxAVRhV,6
1ALXrsNxpo3uJsjNWSjGiKGWsqMtWtZsr5,23
1FYqQz2uLUGekJSnNp3BhhnkJDyE4MxgqT,1
13HHKVNFBrkfor66LPMbSfvDVNKvhPmSGH,5
1PvNLtE3EwpW7T4tZiq8fNyTBti1ucgV8n,2
1FhwpCeb7QKpr9gABP3wrqmM1Y4dG65VMJ,1
1GPjNUCGC1d2nq6p8tECQZosTeRG41akh3,2
1HXAnM1piwF391zef6PeDyy4F2rjq4AsdC,1
bc1qensrsjxp4gw7gmdef9p3x30y4fmekpqcax5895,41
1NoqqWeLXAnCGmP2ZDsuN8ekHJ61ZaE3JH,4
17UzZXmGYP55Xd1MngRcZCy3Lhd2ScdPMU,1
3LL1rZeQW7E2bDMk5L1Wjacsc3dHhMHsvF,1
1858jMYkS1zKLZtb3aCwe1RKHL1u8QfwtV,1
1BPuQqQoUsuHsKejHEeb3ehSsA1u37HYAT,1
1J8aLankHbmAHojseGRmWRZoTZKiNVi5GQ,6
1HhgYsqK2rxg5ZTLSPF4mfFCYd1hsTU1He,2
14fDoUDKZ11REVuRxMSwKNvR36ToJ2UCM8,4
1GrgWZdXEMrcq9BUfrx7kakeBZ4xQgKCag,5
18J8bgD11njv634BPGkRKNTx77xkG2fJcZ,11
13LZUq6x1d42Ta8c131WAtjDgkuq98GSRF,38
1KCubcoahYKkQQ3B7DmD61WtqT7Hb1JNfF,4
163r5G4EvnzQpp9pR77qhKaNV9jXbLWHeQ,4
13c6wuDoJzr84bZyx6Nrk6dvgMJj7tCyt6,13
17Dv2Tt9oQddEZnS3mTGpCUTMD9De3X322,13
1K1yEYcCqDcehY4JvZLk6nxUzuY9bT32LY,1
13BgJp11izDdYoZgvH9FWCoydaA7CCUkW7,2
bc1q72js3a8ctvuvfv23lsg7m7jg49k0d9g8scd0x7,12
18dpDgQYAfxkxBnucTbhwePGLkAFgvs9Hu,2
1H4EY126PmNiqcDcwBSCgcMVBGu6rPGeg9,33
123KQ9VQCcpj1g3AfFpDQz2MsTGqNSwK49,11
bc1qsen6r9vdja0uul0deaagf3azxzammmy5q9aluw,6
bc1q4yn04uhvuzmjpg4l6scggzcuynun2yyvnwcuzc,1
bc1q3exy4sjswjzsd90jl6rth62j4v39sy078n5npf,1
bc1qju6wspfrrejuemeasfduv2qksxcflktcp66e0m,10
1PfsKEpXtb2VEtBkYkbqSEQwagZTJcXMFv,2
17BhpCUu4Qp8o9yXXNuyTZN1v9CttCPPav,11
bc1qqt8xyezu8uk326fdr9xk34c0wklfcg2raumk5c,4
bc1qs6nlfwxuwpdcfqua5dyutdwww96wjzawq4efea,8
bc1qnzwfqmsr4cdmmw9tq0a5azjkcrr0tkrjwaumah,4
bc1q0c3spn2a520w4v63lmfxkys3x0zc90vz3rjxzd,5
1JjzE9THRbJ2SuofCjMMnxA1WPTAuXqgRk,1
bc1q22glkk4vjp6085z7qa0mm3cefkhug3g5mmdy7g,1
19kVxK8je97hwafETyBxHBmTRPX4UDoxB,4
bc1qq0z52qc06g6d8ue4zvtyr3qa4y99aphrrv6kq7,1
bc1qpq6g0dhvl9229gqndxjy366m5aqwatd2xevjty,19
bc1qnv3cgeuhl6jaq3kchzy3hmy25w2fg5gsqqfj2g,15
bc1q2204upaa5we39a0wlgarpukpsa8nv255vj3hwl,21
1M62nZ3ihJhNgMUW6cHH5Mz3C4anw5Hn86,6
133A7VLcsKGuPCiqwMzTd4VA9nC3s3oL2T,31
bc1qu90rsgx33avk8xfl3u3clyk0rcrcztes7tfekn,15
bc1qyumtnn6rqwq9s5xd7xg402jx8ufxrel0sd4v4n,1
bc1q6k4lazsak4krws433n2048yg0uqul72w7eak4n,6
12Viy5dN4DnmwbDsnMFq5PtMXih9h2Hpjy,9
bc1q3vcapstlk86v2fav7gjrqfg9z9kxu8l8j873gm,14
16Cv4fhQXmqNEMn8xVgCQX9Pf1yELzTjHV,6
19QWXpMXeLkoEKEJv2xo9rn8wkPCyxACSX,4
bc1qeq7a5metgq9q6l4vdd7mvsv8zg5yt5qfrgm6hh,4
15U6bpeCke27PCjRdd1BipLtVkd1d4Q5gi,15
1Ax98mNM8diJZuGMc9GahTBqN6YEDiJNLq,3
1GGr5VByKa8zMQ2f3Qbfi5JbFBXUZvPF9T,19
bc1q4uxe3hnzrnsnr07ufe7x4jjx8gezhwf409a66e,21
bc1q229r8p462t4a3f3ajc7nnfjmgqlpeq30xcaspj,9
1Drqz87TjYJgEBArDZgynLVbr6MdRRmkW3,27
18Djme8XAtKHNRM43Jc8HswucHKe57MBub,12
1GFDydNEhZC4tFPhuwH1g6giBBgjU6KRGo,3
14DFwrCKM64qq7FmphdHjudq88dLZSDVqJ,17
1A4qc97FCiYJVqXaY2GMtQhzphNUGomzaj,4
16ZCvMDx1mFRc1b7i1AgBnjHJigktJRQdW,3
1BkH4vQF7tfY3BAGCmjABmKz7ZDCxePjDt,3
1GotRejB6XsGgMsM79TvcypeanDJRJbMtg,21
1R7PA46Fxmu8rhSpPXvBnbLd1gtWjhTB7,5
1FKYM1CP9RfttJhNG8HTNQdE2uV3YvwbRB,8
1JBEzg8ZcQQiLwJtDgp6Q4ssNxexoYQx8N,20
1BiuJMdpr8hCwfFXv2HCEfTe2odMvZxmHc,5
bc1q2yppazjs67w5x4ujyp2g26rvdmp5yfek578q00,4
1Pyna7VHGus24EAnisUNn3wJ8H2yBzY7r4,4
1BDKvPophe52vq93rzw5dDjsmwhmHAr3iF,8
bc1qdpks6sgjpgfvn3suru5q0tke4uqp2mjg8sgxxl,2
bc1qhmhqer5pvfmt0fts0ruq0nltp8xdekep4tu2l4,3
1EBWMAJXrzTkaXhHkH3FgeCdcLYXJN9wuK,2
bc1q4dkuh6ealr6c90f44y5t6ge069amgx5fwlh50c,2
36DS3vdjfLL7fzjMmkv9pXg8eibXNyXAxC,4
bc1q0ns49mxs5ueywdt07p36ccpk7jayyqkqtmrd9n,4
bc1q5mxl0lmtjldz8mwt5kltnds749hjdx0agesq8y,1
1BW2pnzbVqkHXWhnQ4kboAQouzJDDD5Yrd,6
bc1qz8zqalrx809gj67tvdsgejdn4vg94sg0txqepv,6
bc1qpc3kvkeawwcrxkz7wuxxhslkrgc26z9mlknqn4,1
bc1ql3n235xesj920xj07ld35n25mpues2slksftlj,3
1GdVuwAUexeJ4YMJuiP5wUvuemJ1Y3HVSj,4
bc1q2u3xggjq95h3wgt7h7468fdlw06vat5gnk7ljd,3
bc1qzw9zt0znj8t4mhu9gu0nnydhtgjt6vmnvjn456,3
bc1qdlyh7rcm5rymxk9y6v6huspzq32uw55700tcte,3
bc1qwmh8lkg9c2944tqju7u4wp0v4nss4rl7h752v9,2
bc1qawxh8zejujj4dyghun2ugws8wmq0w0ww9ju9sg,1
bc1q7n74akft3yuxqr88pry6fswhs8lq8khs7c3erm,3
bc1q6dvyt5mfex9uhlteewp832fq84uaw5hdn26k7v,2
bc1qhkmu8pkk4me5kjr0cu38j0htvzzkn36laulw58,1
bc1qyjgwxt3nmsxwuu9qu37dgd56a4ldjxt7c5u6jy,1
bc1qkcfgsc5pjs9hm5tpax36kcw4gzptsv9tdk0k0f,1
13vGE4ugsXW1ycHsTVzwUo3hPsLHjtF8Gj,3
bc1qqgcstle3phn6sdpwgf888vstqaqy66szz2eewp,1
bc1qsu4m8th6hz7xmsc75gqwgzvxxv6698svrpu4u6,2
bc1qkzm9ck5uxlh8lzt8q00k83zmettev0xcfhnrku,1
bc1qw692rp90xylmmnn2nvw7upayhm0et49ksp0qrr,1
bc1qrcwa6g4kn0radryrr90xaxmqd2vqmj7p60p2nl,1
bc1qgqkanfgcfzcaazgwdh76cn5jjhnyw9gmt47s7m,1
1HPozLr4cNa2FLfcSSQt4JQLGkTgqdyJNw,1
bc1qd97ll36guzsx3xx2vkrmz6udn4tk2hsk6hw8nz,1
18abUrLaRiusJvpUbKagRvFV55yeVfX7o5,1
1GMguSeVPmD5odg2zEZ582AG4s6cqzU5p8,1
1CgVS3eKkUQ29q9gft7XcLDrcGquULeTF,3
14siZAXqQiFNYdjyVZDrMaZi89UWJeqJ8y,2
bc1q43y44eepu2m4c94mttxs096fea6fv43d4akj0t,3
bc1q7pz569pjfz63ksq4kjf7s9pv2v6jdvmm4e9k0c,2
1qygbcwT596f4a7iMtSTTKs52Mjsn39RJ,1
19arCnvP2ZPZtZAr7Jneopk1qDBKufCUXq,1
1JfZPGFNN9ZVSAJpsjgVjgLxo6vocktNi3,12
bc1q6967tr38gxjvj5gesuwpfksnl2uk55jghv9z9y,2
bc1qwn42g6hjjxq0hg3l75apxd9ag5clpux233kmpz,1
bc1qx8g8dca9clxs4z6y4fdtmw6x2qcyffymtp4eed,2
bc1q58y9nk0j6zwjj6vw5kxkh8ng26w496vtj569dp,2
1NaQS5AKUwEQ8V3KAA5XSkUbfwi7Hd4cb3,3
19d5jPm9en1p37KykVZXrX2frL7ufaFbFC,4
bc1q42pthn3847xdpakn8ujwvwwq0lh42pru207ke6,5
bc1qcv25ydhu2fn4gnydjljlsrgp90yf3ham2k86gk,4
bc1q99k4g8ds0tnj83tqzrs5tlwvclgfsn3lfylhn4,3
1EoiRfs7eVgwKLLmEqhRuZAq3XL3CCc9XM,1
1JKEmQVCXDXTfvYWfzvFnner9N1GovT1Yx,3
17D2e1qNbBmqKmEPKf22DrU3iZcLdXs9pK,1
bc1qqj857lvwzsjtwg4suy0njtxm7nj453rf9m6p8g,10
1PSzQHTVeyQtCxBPrtoLwkuoG6v3spZsph,1
bc1qqcchjmxxfec0wancftsgrjmammmss6964py5je,6
1J6iXXCpFMd6cEjAysv1v9vXRevKYfcHa4,9
1Pj1nKc1XXbnYUMv9iGjW7jEQ1cniDmqu7,6
bc1qhn8048lpzfez0nucu3h3cesaqlh6fn6jzz9qfg,1
bc1qcvse88u4rgwzptcuvn7t9uv7f44n8ljp7zuu22,2
1Lmx3r41P38n6tosDmF8HC4nwHLFEKosmW,1
1KaFZmf76ydLSP3DHQ61RmMN4uatEwAFk6,8
1GHjCTkP4RK6njD5t6SfyUhSPguMPidf87,4
12TUAPykC7F6Nj5FM7q3PReepQgfGeNYgB,8
1M6pSya5KYp8juzWhauYCquBRNCHWaQL7r,17
16txazMeRtwa9PBD1TqxqMEdNyKRhSCucc,1
bc1q0dvdjljgt2w0dxw6mpgnz7vq4cguf5tvfp5jkw,4
1Mwjk24E9iqwA8PMV7kWrwmZ3tV2hWd1HK,11
bc1qrcm8j28tlavzrfhgu03ykfqa9dylv2qs7s77kz,4
15pLQT4iPzMG3PnrVMTTzRkGLTwBEb8ri3,1
bc1qr7ytqykc9l0gyxhgtyj4mhycf09cfdewyldy6u,3
bc1q9cx7taaju4xmqsw77pd8nkezkezeke4z7ajzg6,4
bc1qqa2zrd7yvrslqcfkrxrsm2psxpsw3449xnzxcp,1
35pGwkWdbu85xFNiVdGdNysNmFjgy8ATPK,1
128zVMFZ9VJJ9ZFTzQ7xDUMyTEaafH6ZfS,11
bc1qq9q5qnp3j20wvdta79yk44z5fvdvzphyk9z0cx,1
bc1qy34u54f6ysyqvxt52h8c3hvgzklgqr8z27gjcq,3
bc1qvg4ljv8ma7emc6hczkc4a7nwlvwcyy7v6hdj76,3
1KFK9rTJwvFjvFEsi9Z3UJkZaV5gH5MsEz,10
bc1qea6ua0n8kxtmyl9z4x75txf9pa4fyf72kk0w2l,3
1GwCgeNPKj1e63JLYPnPbQwZCbpRucAete,2
bc1qgydpxncgkx8pzzl9ur7zw5plzymv4q23cta0qf,1
bc1qc7wz2ag3k2lss455pg4sydmjfz9jjla08vmxsu,1
bc1qw4prts2cmwrew0qc0ef3xuveqygd82zj6f9wyw,2
1GqXSrh9nBSq198PnScpDQ9AmgHZTCBeat,1
19T9cCiQ5rknhrexxG4R8fTG1YNaj7GPq7,1
1JdMPc5U1QLnUsEQo4FpaeKxrPCMmHiS5E,2
1XG9cGLmAC2i9SZN2doEZezmYo6aWgHyN,1
bc1qvuaflklh2cz3dcrqzv3r4f6vcs2an8lmyxj8q2,1
1DxZZMBvCKNxPeiYQJnQ4XuT2YtC4PSDmi,3
1ExE8e6PAeb24ND2WR36Gdk6JhDi4faKh3,12
1Q5BimxjCatdVJnKKLw2rasnWaz2HPQYvf,1
bc1q6afk9a3qx3y594swm0x6e3pntlzgfkhqt5egyu,1
bc1qnrg79k65yexmuf9wtgl0y8cmj4ydrqt5ssesn2,6
bc1qpm8qxpdjg63fpk9z996a4xqup5up67yu2h35cr,1
bc1q32k2vjn85ewj0gw2xxxh33tl8xqvjnzxjvyels,11
16U4fdANinj3HXwMN7mAKieKD4epu5eq6W,3
19yYxigfJVhz3b1tdaAy39zHKZPhFSpZsL,4
1N73j2RCgjRCX1hU8kjt6WxCd4VqePsbf8,4
1NxEjzYdZKQF5eFaPrvvQn4WrdNcMA7TmH,1
1GuXARUatYP5Wdm2XxyFBmrVDrW3jy8r4S,2
19f3xTrj6TrDJtkFLjpzy7H2RfKAqMeBYj,2
1LtdcUg7B7J7NFqVCwXrvbpTRwKuqpkDZw,1
bc1qp5n8xu4svju20r3nq60tzgkrhvt72ftdcxu568,3
1EC2K34dNc41pk63rc7bMQjbndqfoqQg4V,1
bc1qtkgk7rn8u2pz6faqtla38j2dqhxrxedf5m889r,1
bc1q6kay4rv6tm0a86k0rzaedry3kae3h7puyhkc4u,1
bc1qqzj3s0hsqurt7wux0wx4lrlegv4fnwc74u2afr,1
bc1qtjcvc7cu3ysrmg47tp0qcnyywteweuxytpn2an,1
bc1quwa45masxfy8p9r77fcdjs48va9sv2edn3kvks,1
1KFnF1Lg53GjmqWmyE6vfooPpscMLetsXh,5
bc1qsnma3rdz6ncqmh76npc5n0ex3eczrtqe74ajv0,1
bc1quxmzmw6ladzucy3h6wmck4x0q7e0dkzgl5azs7,6
1HfwUKucQkEQEhvVvJ19uBMjdMSFUSZpgD,9
bc1q6mfe5qvdlurpk8c08ykdhmmjhesmkj6uw35smf,6
1KdWcEoLxye94Qa61fUbSp6qQTXD78VpLH,4
1MUy3Acp5hncTsN7FvXnDqk2cSYZY282UB,5
bc1qy4gtngs7df4a6s6xuhz8m0637mcw78k3qzztce,1
1NaFYyvQzab4oJaAPhaw5ZSxL3fJm9orJa,10
bc1qf2qtqsh689xuxwcn5k9kymgvsef925xwswjscr,6
1FueyNpiTJvFtxtPaop5wQVTJQuAEqieiZ,8
1FTusKJtz59zbVDiZ9jGSZY4PCbHaCjyFe,2
1KWC15yhXc5LykcUXtYnQioLzyGKKjDvia,1
13xZZTYLjSK8edQRjTGwhSByvCHNcfPCvQ,1
bc1q8hfxyk2v6ezdmcuekqnqszrjctpr3lqdlytwu9,7
bc1qlrzrn3n5cjelwny5sd9azjpd2360jgk946ld0m,3
bc1qr2kvm3k8z54s8ft3k0pkzkdfymddnc4wfurlq4,1
bc1qgah44gkyrgc67l9gaaqsxc3642wcf0w38wnw9g,5
bc1q6kczftgwn7ndpcu4rg5tdl8hmp2k0mm2x2fyum,3
bc1qxcft2u3apt504jjfdfwmwy72rved9dsrdrhsqm,1
161FQSwsSgUhcT8w8qGuT87jz5kfpgREpt,1
1Hj926yVma499WsEgT2gpfAxanmkorX9jn,1
bc1qykm9zdywnvvdyu8v7nghf4ma94wtk8u4cy7dd7,1
1E6aCLxHBW6AgVssf2MNNpuHBdqXccrnzv,1
1LkKSsinYKiMTB62X92pwLUZ1RGjfKHtsi,2
14N4SEnhggY5JrdDVU9RosZ8gqnBDJ65VA,1
bc1q2sc7gps62ga38cgvjtu4t3qxfjzfg3vmt3e0tk,2
12FvAyu777NXpXwHSvo1hBSFcctWNyajUD,2
3DseYm31mqS5ykTRscLnZnspWigEAbkmPg,1
bc1qhwq3lw2fntymy4nt7jkkzq00cqhg2y5et58zdy,1
15A34TJCUiG7iQWQDdzqVavWQ7B5LQXCqn,11
bc1qeqks9u9qm9wjr4h4fuer4gqv538wgqjtfm82ay,3
bc1qvrh057u7l4uxdzu24t5nhmd9mttnqshteudmvn,3
1E3MDwxadRFVYk7jbTTkg6azjADBYJVeBo,3
1CHUpz5T2MUj1kRDxdiAchAWWFLfbx8GaB,2
1G5oUTX1DR3xnmmo3jnHSE7nPifMNfE8pF,1
1AgnfHpELVcWtXaDVMooh4Sv5teEMUbWVc,5
1Pw8JJkX15w4sjHgPMTYKQjEMwQpLP7zcd,2
1Ha4vBinZJoc25dt7sfG9DzeiM2Ne3g9Sy,10
14DtRnATJ7nkH4NKqXrbyNZ7utzhSdX1Vo,1
bc1q724y9q8qxp05a644fv2j2qfxa5wgjx8a3wtu6a,1
bc1q7ayl6egsm4qgjrz6026eml4l5srlrn8djq47k3,2
1FseNpCGFDAmJWDBTZTsnogThdLJwnb6cM,4
1P8EyqsziDxQYhVrDBUEryUpoxpaz9rXjC,1
1EiFc961gHQgrjixtJa13FERhN5vZZP1fZ,1
bc1qtsuf4cadn30vksl3r2cnxge6rc2yjt6atqcfjx,18
15RbKxvxW4crfzZ2YoBYq2qeZSxPpvMNo7,3
1A9p2qFvDSfYxFgu9xWVd4fe1tdad8wxzL,2
155wpV1Fx6meS6duP8GjwbpzSVHU3wRuhS,5
1D3MdKkZocRxA42Q5K5xcHJcjAJmRuaxYA,7
1GSgGm6SbK5ecJ9qgCLtiXAnaoX4z3M62R,1
1AxsqDYjFcJNcY5N23wy3HxWMzVYvedFr,3
1GBjCFKVK5tRoREd5xMNc7iHUFhbUxAfW6,1
1Keidu5v4zTjA6DBvnKcUvPQpkM2vpvTBH,1
bc1qzlf40tda29n9sszfvwekv9662s3grj5q89xy9g,3
1Cyaqd6HsqPaQCng2RcpNBWk52HmhUCtaD,1
18igZKKQfqBbaMKwHLoVJskB2DbSoMHWe9,1
bc1qax4mqugf99lka34pxe3j0030u6x05kepytmuwu,4
17bP2D968mUtYWJHgLKaCC7cPFJ9L5jm9f,5
bc1qnkx2lepvrhhhwwhyhhupta3xe5sdnpdzrzt2mj,1
bc1qkm055r7c0afvnyvw0ve49mgus4p3wna6zadwhy,3
1NJPeyMbFGwVsnPx7tojBpA6UGWt1n5uBr,5
1Hi2C1o2nsKcNjfwYaMfyxwW7wC7SewhPY,8
1MWEyU6RyXDJ7DgXAr3jSKP3yxEZb4xhXX,1
1QKCtLV2TGHsW8FgTxTi42xRGmHNGRehJe,9
17nitP4Nndt73GQbmvKxS8tGekw5vmi4X8,2
bc1qvk4zcta4x0syam8vtuegy9yutk75edhhaq5yzj,8
bc1qyx9e7j5v3v63u3aeqd7328cqgudkn4a94kanvm,1
bc1q4dvruaru864pur4py467z735ma035gaxtgsa6s,1
1EN9SR1g6id7uE2zSvTYxQNZGGD8mwU1Fn,3
bc1qyzrkzey7whdt27mud2k9w0pnwpf6hjy9sqjutv,1
1KsT1iuaEYXE4cj1a3vC8Q6tmrHmyBLaoT,7
1AHV2TSdVsydxx2eSMyxKg6HfAgXAKNafW,6
1D5bx2MFe5toDDvzrZdYsUVoEgZNkSfJqX,4
1D4GykvNz1bU724fchZBZ8u431Xv8xTArR,1
19umw5k78XsLz8MUQtMeyLoCSno47cBgmR,5
1CikxKZMvG9VYeRDzFP6uEFfKRWJwYJFsi,2
1pZAg3tddK3jvfnK39RGsd5BF6NNkeLgj,1
1BKn4EVf5Saq71hRr8VascN189RcZi1P2j,1
1Ck4YPxxLokCwBdCZkjaTcyUU7LZccMz3G,1
1HEk9fo8Vtwhh1yDWTbj7xkZ5NTRNdo1Ja,4
1EDsZpNg96pkiFAyXm8NeZuG3vpL3ZmMGz,3
185cptk7AfPoCGiYeE3BcU1z11cHVcVCEx,1
14rB1h1jYwWoXyuGs1U9EC5kLjUpZKu9wV,1
1CXYSkn3jP3CyemsvdZZCzWQ5KzsDsq6zv,12
bc1q4t95e50p5gld0pghz3k67xx2degctytmq8a3rm,4
bc1qk8s7cymakpsk9ssq6c99p3q7yr65zn86xslm3g,2
1DgmWWc2GKa5RmXXh4UN3kJTKu42ktU25s,1
1Pn1FPTaHvy4QFP8GzgpEdDbPojEEtpBS5,2
1PEP6GtjNfh3PrwWGHeJWnp1KNFMsT1sT2,2
19DBUXskLm577RWk3sMQnni3Tz7Nx5a8XE,2
bc1q74ugvq6twfmdjvecdask8lva3ccn9pm5n37202,1
18SVxsxiaj7QbGjzQ6HVcetyQ7X2c6omqE,1
13rAqFBxhBD5cnkTGK249bNKayzvFDTdKe,1
19gT5fW7HLVu44QzemvMuXA3giAXa1qsWU,4
bc1qgpmf5jxm3j5agjmaqf07g2uwm6jvk54gmj409g,4
1HTRhC8tWUrcVS8LYbhzixzTrpKxJhseLs,8
bc1qx96pllq4yr7886tpjckvqe20lja4s9n0t3x7qw,3
16CvUjBjU6rJAy6Qu83wYp9EtEH48ibBne,4
bc1qw7x275al4vwnmxhnuwwys6v5kxuznvl8uj5rv5,1
1G7FfjF9iYRrg4aytzkpoGu3PtdfFftEVB,7
1N7bht2hADbpkGEfrHwqLmLgLFakAxtgw2,1
1ATxiqLRW1sX3VVTznZbiz7EcAp4NFshaq,1
14x87bHWFZK5UkkoEUPrf8DJLpyp3pPsM8,4
bc1qdn3h50faj6egjf4lxmjhcvuv4vprmfm8h9kfya,1
19LhJQeG5s98e5XareR4nGmWYPU7xnwZHK,8
bc1q47fff98dye5pwng25tr8g52pdfpfs2q3rmflxv,3
bc1qj2m8tn8lge9hnwghq7uzuz63xt04k2hjjpsjt3,2
1KvNxq1ojHSV1QkzvtBvJyfp3g5N2FURSB,4
1AgnZ41BCJeE3TPcHqgShNcy9fVTGR28Mo,2
bc1qfekt9l6r2fraz96g9zhk4zufzrpva0nt2kju97,1
bc1qjmcasass6gm8qu65gj0veqxt07r6a0gt7da646,2
1EKh29DRnMLMbZcXzqDj9mC6xBXFnBZkCV,4
197MZh186ZWCrad3quyDTZ8Fm3HS5rhR9r,2
1E6ZbxyRztQFM3v2VhJSNegQm1SV4jkeFs,1
192gVoP9tJBPJiy29dxzBiiE8VLMjzQTDu,2
1BCqCqHEc6qp7RGdAuubtzupeEPcvPtup3,7
1Cbz35aABdpUzb8mPWQKYF6CBRFKuJc7vn,1
1KaxEZxy62JK96rrnpkMX8TfssCXMmYuCC,1
1AR6E7KYmESbTaMkvztQ6Zn4T2PSA9WUv8,1
1JDogZS6tQcSxwfxhv6XKKjcyicYA4Feev,6
1Kuyc129DScdsMV557wMLov6QWLfseUkTV,2
19EYHPDaVWBbczYXkgSa9EvBCdouB25SPf,3
1BLsWePpwitxCZDVocoB9MhjxbQkqAzXpX,3
bc1q7swvjekexhqj42k37h3jmga7w9kqq0dd68kz5j,2
13iinZWd3N6TrTTgY2tA2d8Wsybj2NjshL,2
1DxRM9jXnLQMpKjQficmjG2ywzKNjniRAV,3
1MKVARB58XMfhvGfKCcNrLhwjwUNVQZg9V,3
bc1q0we3ym4a345uxjcj9zg2fh73w59vz4dkncf7du,2
1DHUWpxnuCXWy7XZtmRSLHrjamVKio3pEW,1
bc1qzexwsgv5z7d6j8dyvljmj7s6kpd2z6z4l3qeqc,2
19bawaHKCm7rYZxwKetCWFDCtJyZPEU5vW,1
bc1qfqly4muzrqjk34p07lszelrmg5jyyrv02ylsyn,4
129QpTfd3hMT9QW7tiJv8D9uoeWbbfjddF,1
bc1q248ye3zuppvucxxz8vpmceuwnqvthanjva2mp9,1
bc1qlsj7uws3n5rw8vwsx4aq3u5avtgqrv25gnn5vw,1
1NRtcyeDsgUUuxCRERcWgnDDYDod1DPDxA,1
bc1qn3wjnxl4vxuy3fe7n6464kpctw3ljnwre26ygu,1
1BLKYhhV6hf3YMV1SnGosyPWJPF3Juf5t7,1
bc1qfrjy8alu5ks0gqf30ff99m6puukrl9cvp429fa,1
1KeG8zBi5BXWhqEU8E9zpFfK8YntJSSuFm,1
1EqM7imHsi3TPpKzdNJGMfi9k278bJLFDn,1
15jBoCSHbp9u3z8J35QvDHfdwvw5VLiDdR,1
1E5RUKNgnKYazyS1Py8Am28XrMTWNKCwDT,1
1Mb5NTTZxDNo1ccASBdX7AP5zGD7czkoFW,2
1G4Msn7WHFs8bhLKfvxiFuorkL8ntmMaup,1
13TjwovPBg445L2ctVc2rPAp86iozJRYSE,1
1156GdvuQ859Ewc7dP3rQgupSSivKbntup,1
14VhF5JGExMn4qkN2RiMqNvCwpqmFvbQaz,3
15XMRfCCkGnm4eQ4r3iZTceMfw78L6MxHG,3
bc1qwhzaf5a6n3hr29ql6ah57npe0y03fzvhfdsq9h,1
bc1qqkunx4dr8fxnk0nml2rsjqvzhe88mms2fxezya,1
1AK7UT3r4qZ2hpPGxtiEYe6skBMSAyJ1bX,1
bc1q7u3mgtjug45wnmjuchygn8ulwx0ghxnryxz8cm,1
bc1q6yzey0vmawzlqms36xe72twdrpf9r5fyptsuys,4
bc1qcf5vhhqzeyncvrsutpyj4qh4j8x6qcydnew2tg,2
1KsvSHGdfU9z211JeNPn67Sg5FDJ8h5GTV,1
17Xc22eSjcunQfdqMnzZD5nyYjzk9fn1hb,1
18YfhVyrv4yih7nnwtLHeXJ5izi9q2wJoC,1
bc1qk4gz2evttpm2tr3xnjee0txu7j7m7lfldcc2g0,4
1PiXMLiXehnBfC7AzB4vifT7DbQvDxxoPT,2
bc1qxtx8lv6dpxk22w6kkfrxe0eedkvte6p7rce5mt,1
18anGih6kgZnLBBGaMBqbKVyntMbgULC88,1
bc1q8wnu6nmmk2z758w7es97x3jv7k6am3j9kwe0kz,4
bc1q5mxz8nzquajthswppngt9yqtsx9g349duhe25n,3
bc1qvsphvlkuazj76h4arf2f940wzh3r0sa7rzpe58,3
bc1qn7e29ww2q6y0lrvdmtjd825mjxfgdvrunv86l8,3
1Bs8qohLqBVKyAVURZcD77c2XBpAaU59Y6,1
1i8BqvjPh58w42fR1APmANVxbZp6WQad1,3
145HPtVQqQ26ofDDSLfWai2BBVBoPG1r48,1
18Sk9gzv2ZmykU7RdmYX8Vckk5s2rArkFw,3
14qYoZ5DxN3CWE2Kze8BR5Pd1GiJoQTZRG,4
bc1qwp7xc59mu6t4x3cp9uczeh386358phww9znxza,1
bc1qr5uruyxnng8mkj9plu2h2pwg4v6a87ehdta6an,1
1Lgb3UxdrBXz1otNW1Xm8pJN1TM5UHigNw,3
1LC6g8bAkwMBPAhcvdnjC8vWg8sybEs1de,1
bc1qxud5f6a4zveqq7d9mlnt6rpck7putp9cwjk54q,1
1NFbGkvdsgh58Je9Dv8PF5crCmcF7ePqNP,6
bc1qfzrzznwvyrt2mphg8r4aq8l473kamja3gvxpk0,1
1LapD5DjUiSgnT5gmVUEM7ZdcUvEcvQPRZ,1
bc1qyps27uhleqn0va8juhyeudzus6zltzh2m66n2g,1
3HvfzTc97k4fpTsccsDxScUrA1EvnzC8jA,1
152vRdgR913CV2pJFaAgYb1dvZNtkew8TA,1
1EWjvmCUySoYSmoAvzoG7ejAFzHaVVigpy,6
14ThP9iW1RS6hidRicN6CC7bEDZHxspEru,2
1N4aqphj3JcPupgoC3eqoNmYJqMRHoPf37,2
1M8tGrim6DP1zra6YAHotZfs19wxo78pzQ,1
16Kzr7ocw1pTDhR5FL5vvFWmiSz4iFpygS,2
1LVfMMC7Lr3CkdKHp5BWVctU82LZKPqfix,6
1LD8HFKyL5UjGiXGfKvympCtWxofojNV5z,1
17nmMfyVzhPKroppcRr2oYLL1LRUfAsRED,1
18dHBKdPV93MbsFEtHGEUyD8aKhZ3sZBBJ,1
1LUrZqykrbVgDh4MgEyCGxhTj4KwSzYHht,5
1Jeb19JWogmt2aRWVcUfSMnGL9pTTNUiL1,2
1HqKrgZUDqYFz1Zdrbm3GnGQUH5cnUs2A,3
13dh8Lp44rtvhZaG4QfvZU6poaBeMhMF1y,1
bc1qadq246vzt84d9sq9jkmgk08k0zm6efpuk5m835,2
1Nd7ENRviKaRLo2nuw8XYxYi9aPPGtJZYb,1
bc1qpyhsvdssrevvhmyyvsyy9g9gtgmdwu4wk3emmt,1
bc1qkxmnyml6ug9qcgat7f9k9s8c2xnl2ujjltkzjp,1
14wPDWtswNeVtKcPpC4x1peDgicjNEDiJG,1
177GeU9DpaNGC3vGkr3jiUa4Rj8UxaNLnv,1
1JzkrAeXZrBUwRN97XqZTftbPCu9uPVATg,5
1K4Kwt4qNTfrdbDuKP9jnTSXwZYh656hNA,1
1PQTdpC8ob7D7FsP76hzp7ogJSz8HoP8hL,4
1BQt46RcmH27Cuwkocbum67BETRVtUYDU6,1
1BQipjQMat8kNmm6W4MT3VbpMMtwbEhkqe,1
1Cm7xrL48mm5nvW7xH742LgsiviDGm9nrd,1
1LNYZeSsCExqiev2K2p4HzBGrfotJXCQt9,1
17X39BTWYuWxFpnxc7hR5dCf6F6S3tkFHb,1
bc1qzk0569xeyvlu7h4yxqpvndd03tdvwdmep6uyny,1
17RnHYXLfX8RPJmAhgf2o7daYQ79io3TrY,1
bc1q8xxy8en6yslszhw4zq30pwdfhy3xdlt3flupe0,1
18f11gVte2TVGvx9HQpsCqgf9sVZ9T74eq,1
bc1q8c0dxcjkdm8m22fw3gwhpdhad5ssud4are4pyt,3
3DE78h7WUyBbACsiZbThDYR1sBeEvXACkT,2
1MvBfvucg53uB8UZDXpEWbf75kAQdYwX2A,1
bc1q9shflkvws0ljm2gkga7s3vljy8dpte94fd5uz8,1
bc1qxrgnefeygth5ytpr98j9z4xpuwq5svc3ml4jjq,1
bc1qz25pczhex84yme73v9u9dch623hty2tk3z7gyw,1
bc1qag7r3mxv22vzqp8a06k4ekmmexaxm9vduxnzlx,1
bc1qeglj05hgq6ep5exzpp3cjwruqy7t9ulfvh9qwm,1
bc1qktv0lgcx0rw98n7mfc70eztec65xchel9w39h2,1
1MJtzM6KS3Ac9bG2hoDduDdvLBTNFMP6r6,1
1142uvVYQRAQ8ENtooxmxxdUN2mNF7dMV3,4
1BGhBXKTmnQsMoyxBReJB7zrZsAGCh8ara,2
1BZ7hJ6PcqSwe95K61ELojFEWRQkKGW6uq,1
bc1qky3w5egfp9hl96s8098a0e8zhw8a8708w2d7cj,1
16AhyWxpxdJSKzk9jrhidRKdcTqoGt3u38,1
13eaNLGXPWsMtMzSUxsHLTtoWd4dDTGkys,2
bc1q5h3y8uvt8zszcwge3fpr6vsj6y9gqwyjcy4mkq,3
bc1qq6pwh0jtd48xylv3lcvxtcpacnuye06j8xxqsn,1
bc1qt3deu9urfydpezgfpvcf7shsexe4zwlen98whf,1
1FCMr6P2YNmKKhApHMafNhPUpbJkE8jiLb,3
1P1azLNkECYAgpJRdA8jyWhwaQqD2gJ71e,2
bc1qrquq2vqcsxdcrj5l2ecqswsfd5wret274w7n6p,2
17CwQeASHmj6KX8R5ULFp1dVoe22jU1ag3,1
bc1qvvcvznas65gssxgn7grz2hl7lxfde9l3uqecwk,1
bc1qsc3c8ehkt2upj5z5x94g5jxh6fvfhfsq2hqu0c,1
bc1qy2ee4vhyklk6rt2wlu49eknjq2nv9pzgsfvlac,2
bc1qd3mfy4jc9zug4haxq4grf937l24ec9nttv26fp,2
1DpNthPeN7iAtiXBh3i95uJS92kSdmUnES,2
1BTVrUAzTeLupghZ7pd8hjvn7RSNsYpkuH,1
1Kn3a9Y1eVQ1KbG8MwKXHSFgzxiSkKV338,1
bc1qz5f40ymyjwv7kfr0hmem0h5t4jn8rsgct36e6f,1
1Bvf5SkvTv5cQBq1LQuAHXmFY3rXt6Zr37,1
bc1qm6qpcs8wrzxg74rsg6jvwg2tgn3kwut8nj8tpk,1
1Ndr22TuTP6zXEZWSdnwTDyYK7Y2HsWJBk,1
1A7Ct77kXGYZYp6DjWgFzCzNAqsdQLd5ki,1
1AuEMm971Cba4XwjjrXVjKZRwCGmimw8qN,1
bc1qqmgnv7s2l8ffrp28um6urw4wntfca7r085wluf,1
bc1qjs26qfdeq24cv9hzc4l7j6awfwamyzyyx3le9c,1
1AcQ4XQqUZTTNCFbwwVFwArUH8nqDYPcxX,1
1DG1VGWufq4Zn1EP89j5TpNvCVqugqcfdm,2
bc1qe7s58jzgtanlfve0lgeqhlkzne5auw3acam303,2
1ASQKcbTh58EyKb9h85o4AzmdCdBDezQ7t,1
14SeK8ByFcRXcYcL3M756ScrzCzyMDckpj,1
bc1qlhsgjf58m02v82ms600pvttqhf8pxm6sg2q5m3,1
143f16H3z9i1XSxCUCaL4JEvu6WLPZ9kyP,1
1P8ZVVqed52RVr1WmZfyjR7TSEHAHkr46p,1
bc1q9lpmxfdaz20fdrwhzasngnf4ruj69eyu74zl44,1
bc1q2df894rcmhhghyhundlr3kwzvkjffr5d00lu4y,2
1Bi1Y2rdGzdWD8x3x4DMwRo2ATSXHLp3zD,1
1266i4AQzCVNRG5qfRhb7Z4hvdMk71z7Pw,5
14cvk4p4LN2Lpn4AzkjUHDr7A2tKerMhzk,5
14GsjBsvhJVmLa2Y6dC8RXpvdCAKQKTCN9,4
16x9ipBb63TpEMSw5YHrrvhGpcyEJVNziA,4
1AXYRrxTPBE1DZcYCAGSSxFwiXpNh2UDs6,4
1GPon5BBwZJBSvGbj3b973TQ1XMXgDbPwt,6
bc1qmaqmputquv50yxkx6t8erzvtr8rp9jzym69esn,3
bc1q73s3z5lmgt2p82s4grkaq68vqqy8ryurpzy5ah,3
1Mmqme1ER3HQ2p6x5PydcVMvMoryb9pXj9,6
14Vr7RYAQeLkjU9okNQKfSre7s5V224Utt,1
1HqzUoB6ckfZh8XVtGgWkxMAhAXNpTStqA,1
1KcmwzbffZyVMHxHndaonMJeuzSV3xsw26,5
16r4D9x9BmZ5z3YHxKNXk6Pzzd81QQ8QDy,2
1CdDQFkd45MmMn7VsaTxqAF7NPmHwFUKLY,1
bc1qnsxgqyglpv5cju6cx33w4slv6m08c30kmyspuj,3
1LXkqdJ3edRbcyQs87EZyDTqWTFRJb32Gv,1
13bidQDcUsSXs6JEYcXZstQ7dtpWMwR3Xo,1
1FwssPRTRLinyBr7khHUYxJrpeCQmk6zZZ,1
1BoJBCkejvdyiwdnFgBRLLaMu9EMxx7EUh,1
bc1qj9k4cntuvzgsq8yparftk7gmfc6ndrk3udvgtl,1
bc1qwu6dtn6rjfecd0x4su3lcwsncs972zk0jr2ag8,3
1PLzAu1hGW4Uo5ntniigGhdsTU36TQioTY,1
1HFyzFvpt6f58egz9Ctskza2L4tUcLzmXM,1
1HZby5J2KRqE9zh44rqX3ty5d2e1LvkA83,1
bc1qkue654rr4rrhjtv8gnzsqwp6y78kz5nnzj5xw5,1
1FkfeCDxfKnZ4wQqE5u6dMPJkyhamp1ii8,1
1LhCpS6XdSdDd4aKYNJAVBmyweei84jPsc,1
12TLrb92CXuw9m1bkbSuNefZZNBVhmr4o4,6
bc1qdysq408p9c37yulyd9xll5507lxruftnmg2kjy,2
12aqL17DnuaKnhimExUb9f1npDTBrti32Y,2
1BCKcnrkff66eKZ84TibSr2kh43W7KDeXu,1
173cE6ScUFCmBLCqZeG18ij6r9KHRPbAjC,4
1MF9M4d6ok95qheF4sXtJmVDeBoZeQtHqp,3
1LyQoFmzT4K5wQNtP8HxYkXK5eaoZMddiR,2
1EiPbmjPbyfeYNTsit61kYmtZsn43zgTR5,1
1AoJcsjyDebnUTqeqYexhGh3xXqzdDHTy3,2
1M6arvapNSFrQ9M8j8A4Zea6HofwqbQLhR,3
1EKj34TsDyZ4XAGpUDTP4WUMqBkZnU1XZa,1
1Hxnug9kpjXwMmqU5Mg4iYbR6rkyuBXvmU,2
1BeastqNW36yStzxjVbsWSKxtg1mtkCjPM,1
1PJNToCYYDWavnWmHE1XGiX9pT8R3RwTx6,1
1BfLUnm55dPm94nzYSYVnBZXNMvQDUCS77,1
1LmTfavpcytyCub4wJjnFc97hvAp75ub8Z,1
1BHBxcYhzebEwduKM8VYWJ17Am3L3LCE9b,2
1Q94RwyqcqEWcgCpaMZngwFFE8ZeY4iHXB,3
1QJG1tzGgwdaw33jRMr6kVfGsgrqoby9aT,1
1BXLz1XLCStfREQHwphhYjEUG4jy6pGfny,2
18PHGKzAcMDNVNie6kwDp2s6rkKM8RBcg2,1
1EU5bL7ehFpYBghLTrhC3ttsmGfhF6VTmK,1
1JREQ58HXWQugZURuKaVT2Ba3Fc6aCsPn7,1
1N8R8xyvrxGEtttVfm5K1duF3M7cNa3arz,2
bc1qayd4z0d43e9456kyaw528er539xhslvz390e3e,1
bc1q0msv76nmghrgudc5qx3h0h04v0cdvcejscserg,1
1DVhQgs3oQyRGSH5J15v2ZkZmLMcvjmWaC,1
1EExoUPHU8PMr6o8gJNFfVkc2LjYASuFgx,1
16gVYqtincRdFpSNpJS6QEZrwLPC77aE8u,2
1FQtHA18p3uW8CthTsAs8KKyUTP2sM9U6M,2
bc1qrwlfd5um7w0ruuwqqks55etyx9w2zdmld2y9j8,1
1FZF4hGuyirVZ81YDuZZHVGBM7mxUBtXU7,4
1EjCLAveztuoYL8PSwYFsH1F4PbwbEpoT5,1
bc1qdrdf9pwwr34dwx2t0yz0kypdk5sqmumvuad4v0,1
1BKXVvCedVYEPUpCzdCuMuDk9a5EiA6AhV,1
bc1qfqladggzhkxnph9e4udrz7uc9fl9kq2tcdgvcy,1
15RJkL3ZqhZXeA3X67QkCQSpbDKXsM2rkg,1
1FtPUZhN9uNyDVsDR4gGFME75V47LjV8NM,1
1PC64m3W2bmMhV2yvPSBSqQWrvWdihdBxH,1
1A5pMvGSzwnMpCd6i5vVpqWuvFCq3x1RKE,1
1NwHzD5EG1yjDbS2cto4r7fjp2CVwC85sz,1
17w9wi7kYPT51QcM9aQR5FxWgWPTYFmet4,1
1AANWzQGTD6svae2z1YS2LsFHDKfdeBbPd,1
bc1q6hngd9a3gqurm7wuj7etujzdewc2mzml6xzc6w,1
1KRfhR1fyeycx3RSdHqcN9or5nRUKYQ2Xp,1
1Rare1arrXDYFZWh1SrrvwRAkN4TEuCHq,1
1CCPbFbST8ruJrTGjm2Ss5aTAaqng4naBN,2
1Q6CTjp4CtpoRyAQS22YVqfNfLg7sB5w5z,1
1NVVLyy745iW4gYXHTSg9uHfTjScE82VT,1
15GxuGNzzoygPRC4PmnH2YKVfNyiVNKn9e,1
1CiQLvNwEyGn8H12q7XAKppnU9Nny8ivvS,1
1DAD8ZDc7iSL34PaRyPHaR3ooXH2Qx766,1
1Q27QQB6VDatN78eWd6DVy2qz2ioE2cEtA,1
1JKZfYVZPSUMzAQ1gdNLesEmSpnsn5o3PZ,1
12gjRkT5purRyZieNz6LBwQdEnjwvSKJKM,1
1PBCni2882rZUkSnKjFERDmADaPrfBJN4k,1
1FjjyTBoYSSFkj9PeCeNRTtpTGnGoJ5qgU,1
1GdFjD65457PSLDgjcPms8usNdAM7Uqnar,1
15FPgnpZuNyZLVLsyB6UdFicsVvWFJXNve,2
18tgvtEQkMiNS8EJAy8HRTCHzCP5AsxobW,1
1Pu7N2quKM9sPKaTyiq1x4yfq4X73Rfk8T,1
15a4FnGmfVkkTA7tgPciEJ7ZbU5N4gC1Sj,1
1Dh6Rnb2we1opNQCbQMWT9VrFziBySpeA3,1
127ZEMDVomJYhv7vQjhXoSw44mfuukjHpW,1
139Fpf1iHas1yWPKL8Wx7gDbKQY8ZB94iT,1
1APQrG6JEU2t3j8rSDbH64x9hAk5kyV6N,1
13wXaEHiDn1r723AfvciEvx24kzm3PiLAy,1
1QaCjD1HwRXBKBuRzCxhV7dcxEDxeHyDw,1
1sgbseNKp6bhj8Yu1BorwYeg4UvVyBogu,1
17C2Vv6HFB7cKNwgaFoCToKuNbG1wgRHLY,1
1Kyi8iHiMQRNvHo3p2cqcKm3g3aauVBd1s,1
14d4MebjvmGS5SXUpW5sYFywEx3y8xXUn7,1
15mLb5jL1bpNd1EYqCokG2b89TWP22Ni8t,1
15vHMiUEPwReuVmwhD3PyA15mCSQQu6k3n,2
167QWGzcCPh3HB53h4hatu9rCCi6Dx29PB,1
1K6x2dLzhEDHRgLeCwF5rBb5yUXEkuCXE1,1
1EUvKmU1S7KohHHC12G5ksAorrJf6GnXDZ,1
bc1qsvqsa9arwz30g2z0w09twzn8gz3380h36yxacs,1
16yRstRXStVJJ1TN2S4DCWifyrCsetpma7,1
1AgqJkANYPEbciJtM7Z7uVXEMzr3sLoCqB,1
1Cq3EQgH3NEvyZ8x9MorfGdTm4oBFZLmM8,1
1NvB2vcWxdnZiniHfGTYya8soLPtqbownZ,2
1L17y13ty6pvZjX8PhWiF89wf5AW7AfFZN,1
1FhnJCiocZnwaqgdKdqqvFpqpDP2U4BJoE,1
1EjXhB8bQhxaxMd1HGWzNnfsNkxd76oR5K,1
183bxkkdVfHQYZuX3UpanLd5xPL2tGQqo8,1
1Q5vJGG1xE1MUBW5uwa5EW2HysnStsKtAn,1
14g2yNGeC4ymdZXdwJuXDF9pGnVG5B12DE,2
1ELPWRGPj25LAzrP7XBYmKi5R9apX7quZY,4
13DJdafj874CD7iYsS2JExJYCJbDE5fuUq,2
1JEVrhNeijsyUW2uR5r6pR54cRRhFcxdQC,1
1JAxjQ8v9LpEma4afFGxpiSDS29sf249Ej,1
1BbF7iLKby9v9gVVL9JN7H291CY2Fw78KQ,3
1J7ZCCDXi44A549nofSKL8Cs3uiVvUEXTF,2
17bGfJvubzb9Vk1rbZuJkeFdffE3mZ3UCK,1
12XKPq2Q6So6BjUkUmfvzxjcu5tfj8EDVz,1
16VXUPWajWV4ijLFHBvy8h6QFUyDt1ErFY,1
bc1q9qergj969hsa5amyplud2yytae7l896t3sy4mj,1
bc1qkypqge07vgg4ltc27405nywl927840h9j8vzl8,1
bc1q6yu3reledwptzc700rhz4twunt2jgmevyjmsp7,3
bc1qu88ddjp7fpaz4d55xr2uuxnk28lzpzhm05z5ha,1
bc1qpyzrcmdsvlpjuu9c3mw24258er0feu92aue4k9,4
bc1qu5kstkx89gt9z6fh33n33jrp6c8yvcgnulhgcy,3
1qZcY9sx9vMGMw3AUCXC2szrHgUfS8fpg,4
bc1q8q8v8a5ertzn5qhnj98qqw9rqrl8c0szvye6zs,2
14vaLXGSNTcMHR84tK5d4fgr7x6Ld5wUEK,1
bc1qudn9pq6n4skm35uhf3lpqtr2guqrszs0gr4xf8,2
1F6xuBshR5Wggrdu4NXcNC7TcKYp4xBEJ5,3
bc1qp7auk3axg0err4f2xsf5rjyzh95nfz3ytfm4hs,1
1Nr32qpSJLB5rKEGrR4JMCKbHvRrVufTYA,1
bc1q2hl7mrf7f4fy7n3qw3cvmkzthxex3r3vfyag99,2
1AM7f8f21G82vN4DwwDwZgVezDubMreZYc,1
1CJ3poDYvysXsdAyF3tzFjTeS3v2hDdsGm,1
3HLo9bfT5cugXWdtcoEdtvwxxG9bt1jdwG,2
bc1qyktxunlgeg36smqqxdwpterlgzt0j9asgngx8f,1
bc1q6zpxk0a303jxke8ll92jrququentfsgdlpuaz6,1
bc1qj7ne7s7stkjrky83fwlgjyd9ml42elxsqyeswy,2
bc1q0jugr4rqcpsduj75lgn62euhea2ppckuys67sj,4
bc1q6rd60efuphvffll4yhxs45w6dkppyxqhc3a8hu,1
32Tkro4RN9HrmcBcKp5jgTDLQcXoeQetGx,1
bc1qwq9q88c2yc2ymnhkdhhseax6nt2rk6xpz6vt9t,1
bc1qjwvqy30dmz0l445ep6p89g2sdm5ryzz5cscr7z,1
bc1q27r6v2rmn2huq2xdesyes5w6qu9ygyu75m2886,1
bc1qxmh44dhq6gprnawed78lm56cwqk2uqs0lhplq7,1
1P8p58b3XNEm7DxLX8oVUo5g2w9vcqpUF3,1
38zuGpHdMRR4PnPiw66MJKyz1YweMAbZAS,1
18d4Agyvb913WL87d3HPWYxWe6UoY3XMh7,1
bc1qrkyc4jem3rtrxs6wrda4zvgazfg8ksjnw2e34y,1
1NrPsWrdhCBmP8rGKAcYgGquBNGAFPeFvo,1
1512b6ddUxwqUuim7UdiDrjqST64Bx5pSC,1
1MmGfAWd9ZtjibM6VcwbDh4gZh5LWpj5Cs,1
bc1qr0n0m7y6k643pjsr0v6f5zw5maxpajh6zfreyv,1
bc1qcydsv2525eg0wh8jk29yxv0u4ln8rgr7mteq34,1
bc1qlfwgwlfsemtp6l4tmajh98kq65nuvavj5tmtdu,1
bc1qt4dh0zkqmfhhefmay5aa4efhh4nx63nm82ve9h,1
bc1qptmvtrycy4rswshyr05dsgwfl48haej5e2377j,1
1DDrQBTVKNQDzAJPYRK1bKfWDUUi6TR4yt,1
bc1qqen0ms400x0rnm522dcxus0g32qg63d6998kyj,1
bc1qx62trljgytwehrr7e047h7udjwcftjsqqkpehr,1
bc1qpph4d23xaextdcqpyq6vzdyganxv2zrp4vrl3k,1
1CnrgJHgGT336pvGs1HbbtenY6H59ocZzg,1
1JU5NUDhZFuYBLTytnNah4TJMZCsF1EVrW,1
1FzwYJqpNvZREAowUU3ACqiY1GUZLdHw29,1
1Mp47wKLV6qhG4ZED2UvHTYbVvnTswjge4,8
1MBNgJkJKii9pT9t6GyKRj5DM5P5MPs8Hq,5
193J7RVEY2BgA5aKfL6BBAVSyiS1UyBRG6,3
1Hy7GW4vt2DkyWUQBpfcbHn6qeHTx5jce5,2
17zTd4GCFPP6aRWonafeGpRMEw3JfAh3fU,3
1FG8WNd4cKjRzJ7Y7GBdmY5iFekPnPDfZb,2
1NDhspiaMzS2nuUSMccEKEnRpfxq3cCL4U,2
1FbCgMg697pcYLYwZjhBayoMV2FA6ZTni6,2
1DxSatPgNAkvw1ioHR6XyQCJaiWKUfTkqY,2
1NYJUaG5JRek3FHMsSV1cNkER2iGoCHCy6,2
1EyxD4ZZySe9858RJyhER9GvkqB9agdNdX,3
1BitqTD9ikxUTBNGevQwQgG1M6cw7JpFsU,3
15iCfUmDn3aFTsRpTuBAqPvzP7aZ7Kvs4g,2
1EtX7tMex5dVVnfYSuLmi1jcsZ9X3BstSn,2
1PmPzSpwFNWBcAyr9XEajQU5Q8pkH5L9Pw,2
16r46GqGYXNtn8NCqnw4uak75YKZeiAFVs,3
12L2mhyu6MWMHBbgqr4PWejtRhcw6irASx,2
bc1q9h2xsqqdrftvwgrxhud6nq2x4su9g37rpa03ud,2
1Ano3NEyAvQb9BgboKXv9vPDjTGKK6W3aM,2
1LUGeWCGvx5Pk2ySqtoCMjSDCgQzDXvFqP,2
1ChvF5WNhVMg6heJdruRXgs6bUwQAaVWzL,2
1Bakvi8ZfKbzocJWD6x7qt5bAWUSq3YZtm,1
1PSuau5RNk3SiQbxVCNA7vzjr9Btdy9Fko,2
12MejjLU3yjd61cf5ErqrMwmZaPBW56uXs,2
1K5oeL9KCGefJ7HgQUFsJQpbF9iV4DC19o,2
bc1qjzrqszxg9g43fmvz8jtskghdm45t5ywc69vjlc,2
1BRiBEceoN3w9oCas2QBXbGJRRKNWvCHsF,2
1BJiYjAWa1YysHVATEDRpEzsrqiKyFnTUa,3
1JZzP8X4Vfv8Hj8xsJfR3sPo5aDuDo3Y5f,2
19GbGSNHZAwNQtZph5w4KmdTYjutLVMjBX,2
15r1bvwj3G5HbFQ5EW8TBwzq9iggv8CXgW,2
15hChKp3gW4Va2j2Csuco4hrwgTPnKFcVE,2
17GxCadFYcQtx7LrM5Kr85JLG183GWdT92,2
bc1qh3td72pzq9e2pjdttruk4le09j8cll07jaha6n,2
bc1qnq9xcu6vzyn5fd0dket0at6ula7pyf89fsdlm4,2
bc1q427gvadwluydqcj3qsjl9s0ph8760j0eghq3cs,2
1Cc2R9DpTiLctZ62ax7HbdwPczrUEQubVh,2
bc1qslvv7gxtuu9c84ce75pgxp5xut3z04a2xcg97e,2
1ED87R8Pk7poke75REtjjgWY7C5cWD6stA,2
1AsfgLN9AGCL7TKmb8WXC8gwTScQysgQQV,2
35uFDiuBbZxGNgGbbhExixSuajGCKoWd2T,3
1GvY5r996Fo3vGtA4aVNHoufJKwGu1vxVK,3
bc1qxdlnp3zx5qzfg0dhq93hkczks9xktg9f9qvx94,2
bc1qwvm9h70qt5cvwrgprdg4jxvlxmqse0jzufe6na,2
bc1qnmaju6mzv32gjsjk52kg3x2dsw09yfy9x8tsuv,2
bc1q8ye0najmnvftqt45gpg0gvlq9mz7jt4g06mjvj,2
1Ff3xRCHqbqRhKzCv2wbDSh86pW7BuX8kB,2
bc1qwxc4ljzcms004wwxx2gcjh6scpej7gsn5p3h7t,2
bc1qmpn287es4qq030jmt5cseu8var75vnwax052ek,2
1EJWmmAcUUHN9TiWn6Vn1yrCP7BdWPA8tE,3
bc1qpuhvsp5t0qm8c8qcfmcetsy4qaffdgxadym59p,2
13A2d891FhhUr85yMLD2pWsQXCEextGgzn,4
bc1qqcp7cw7fjpk0ckd05u4zpfygux33lfm39krtgw,2
bc1q469u85xrl594xxhzwa2jqu9cp3d5c5fpyq7mgm,3
15jn9n5p53wwGEECE766mgxR5uZCCfrVBv,2
bc1qddsv45xu70003xl530flygg3r6y02ah9qd85h5,2
bc1q3xxc9eq5zdsutwgfyjkktaulhs0r6dpxuet90d,2
bc1qmeyd8fe8h5272fvmlvn8yuca4e9pt4g5y54xhe,2
bc1q3uzwz6p3hc7hvv3w0klfd6psn8h0p5825u0342,2
bc1qcwxm6vpj2kcq4uv7smrv5yvhv2lsx4xgaamhd9,2
1JWzmPitFhaymq3PjXFyrxdhRxhdqyi2wE,2
1P78mQhg7bpDV3XAtGzMSfM2JEuUsXunmU,2
bc1q8k5xs8xwkfk57942pnzu8qpu0u0qe7hr36l9j2,3
125M36cPoBfW41a4o5WzmYDzerRzr4dBRJ,2
bc1quyr36myuc48gwdwau4a2trz3auw2wnt445lxzd,3
bc1qflx2qqz28v972vmlcrqx6j2p2epex2eftydgpl,2
bc1qw2d840fw8uk2t2radqc5gqtu28gy586ycwqd68,2
1Cvvba2vfR33uQGcd7EJED88coubxBeAJJ,3
1Ls3j2bMx5UqzehPdezB8k3U8oPm4VwbRF,1
bc1q8mkkn5qejahqyk8llg3fq69r5qgfxr0nxglsax,2
1J5qr4yqHGZSrQTNkRehSGtpbYVQL6baKn,3
bc1qf6tx7s4r88y44mnkay9s4yguf0cv8uw8v38jht,3
bc1qtc5j9ta9verh0equ04kvz7q8lv2j6udn0ptxh6,3
bc1qnatehnjcv4n8yxatg3wkf7eml8uwu0kdq0fwrn,2
bc1qvx6hy4f8ncvpy3a8ep3w6ylnwc68euywsjqutn,2
16ehsEQJMRBoxo5Sqxc3MBtDzWJ3SVgfq2,1
1EEYT8TJGj3wkJVDmce2MwvfszeHPKbGoB,2
13J4PPRxBdoBbbtdjLAMRymq9THA9qFczd,2
bc1qewsuzjyvjnz05l5hgw5pg9e9zfudnt9d4u7zj9,2
1CBa4f9r9bTmL8RZX2p54kLHXD45hepPbM,2
18xLrYwpbzpoCcdBA5Jxje3S3bgX6fXtxi,3
13WHMiqiChP1SEPqmXTbE4pYjQaiiFV6nZ,2
bc1qm4ak0d4llhy04txnxagyltly636hra4kvdjtlg,2
17VQ8E26skem1dUZyBddh5nbo916MstqCi,1
1K8tAJFXrY7yjopqwe1cMh9u2A92guCHWu,3
1Bd2KsCewMXkB9gCHnweQ7fsuyDY414oep,2
bc1qxazp8ehrtg2579amcz7ex5jnwjmj59rtr32vuy,2
bc1qwfjskhr97yzkc8fvqhewy53rppp9wdkzapmwsy,2
bc1qd9g49sl8xetmtx7lrxnx0qj4mdmu5d6ttvwcnl,2
bc1qy0kfxd896lvujuq4xreuv6xc85t65ljxhs2san,2
1boboJhBGpK2ephtts6Av7hEoV7hbndpW,3
1A62aP7McxBpuSsypGtbVoGqPj6N6rNMyT,3
1T7ojNixYDznUowYKFUxMboH46VraruQy,2
bc1qhpccrgn86ajgdj7at8ut3g49r92zcshdx5kdml,5
3DA96gb6iJrd4VQr2CUEDU18kzF2kPobMP,2
1rcq8r1YiKuGiG2EzfLR9QpzNfLkJsNCz,2
14tXhEb37FdYXGQW34asyPwr99bDttnGZ4,3
bc1qxwf8rm60ygxn5wmamlspgey30ftjlp7yzqplmt,2
1BoboT8oCcY8zU2QsP5JWNxeTJk52QWN7B,1
17sfPY4W8g1hqXsCYj5V5AQkq9YsvCUH8d,1
1Eep6gvL9TMBkpXoU6J1S8Q6gimwM7cuqW,1
1GPz1sHp1nwp1oMNhfM7XWkwfSjkfYZhhM,1
18T2wBTgnMQCfcre8AU1qozsxpeKTxHeXa,1
1NcvcS6t5iHLBsGRQfqpVTwhmJemMfknuB,1
1JsefQvbNas36Foa93p9wahgBY1Hjfkopk,1
1GzqpuiCaN6QawjntC5zcHCaVnyGbsAwYX,1
13UfbNmsY6ZHT7FGFtbq6uRSWCkBVEhK8G,1
1AuiRBzsgee3Dt1o2rvemrX1ekqytjm3aM,1
19E4is2cf51MmnJELZKRRb9CLrQnutBMHc,1
1J1nd6XZmizWNWSDXSj3G1p9dE7iW8eF9o,1
19UJpCsSJxinppB1q93tCk7dMoHuetmY9T,1
16HC78w2soky39bngPG13b2voJuWusJMdv,1
1H6QXiPtevzTiagfYsQQKf7JBU65AwYKET,1
14Gzwjt62RZvfPWx7zpsPYVY9ciHxkJ5MG,2
1Hjxiv4qQn6d2BY5ZWXuKVeyJjTVH5iMoN,1
1LP5UMM6k2CXGVZbuXVFscU4Qg5TbJLeND,1
18mxQdLxcLstD6ttbHykvEoAYdu4eADtEf,2
12bmVrYeeXz1x61gkdRHH4GokEnuK3se68,1
1EjsJwDp69L8hWn8t2tyQWaGAdMwCU9nEt,1
1CMgAcCauLHc2nHhY6VEGwNLCJhjUkHLC5,2
1JAB2SbPksroCYfDrsKfATmXFGS9RgWtD9,1
bc1qsrgry8k8g75xley53cwxefhjc5dx0287r8skvc,1
1A5SLXNRNZmwfpF27efQgRzms9QxNSy57a,1
1CqzotQLp6TThTNsDE9dfbjqxoLHhGJmqW,1
bc1qe7vta7csmja0l3p5wp5t5zk2eecahxvv9smjlg,1
bc1qzcc4nx0y06h6yzf9hpyxsw0tehvv38d06dkaea,2
1FmEBHzkZGqQZ7kprf53xU8XijUiv2SDYW,1
1C5WH5KPUDj8q8bh9pUzsB1iJNeNwPoVMi,4
1DoPCnWMCw4zyvtqBABZ4SmqQR9vEz2q8d,1
1Q2tscL1W6VFVDt5st2cnoxtSjKzVj9WKz,1
1EL17bneMS4nhKN8h4Ycv9nsNd7YRYSKFf,1
1GNyS1xqcVktHKbiBDs6TD8inJRZPKmDtJ,1
14431bW7gRcsyXEEVgYAHqcSJgsozdnrMD,1
bc1qyt3hr339tueu2svw7nx2ttxrr322tcx22ty5j7,3
bc1qaywth299wjlpzykzyttgddtahkr200s963zpuv,3
bc1qjw5ewwfuex4d3tyevdelgqwmaa9742zrlz9lea,2
bc1q2g36cvl08cymjuwmje3lcn4rtn095lll9r8474,1
bc1q4yn6m8ft9hwt64gda2u9wys8jpgmyyafr20ch6,1
1GhiZjd96sT3sERs6Fz2Z5nVCCF9fJNXFY,2
1E9jLqcujT6re4iZRzKAcDA7ULty2JunHT,1
1MKGGbhaKKrQXJPQwJJHdcoyjPrrZp88CC,1
bc1qk262vdrfrtnumfpm2nnn40t0tlksv0zwpwc75u,1
182wb9AWnTaXyeK5mr5YDbkCiX5VRGBF6H,1
1EVzdF9JhXAtRVkAXRZtAahrKVt5ymAw7K,1
bc1qj2uvzrxt5wzds5rhsp4a4w8exzzhpxg20t00rf,1
bc1qvepp4apkgu6qvr0n4yu2uru4vr8j65yer9nkve,1
bc1quu8ydpv83rjj2hh30fn89nex27j25zlhjr8wwf,2
bc1qntmart7kkslnuvrjgnrsw6amp0jc5xs0wp7h9a,1
bc1q60pc7z4uwqjz63n30jd4tmzhr5fsltj0438yg0,2
1BGURTPyTPauqFm54SUkdQ74yPQmEcutWL,1
1EYuAEMqmeqSQAfawWsYQh5s1hhSSj9dWr,1
bc1q9wkxr02qe5ll5qhyde0rh7az0nvfgr73plk8gx,1
1EHJMWJ2US812g1S7XNb3NmBHhmkYu9qHY,1
1B31eBYY7sTK9y95LdQtsQpgKcyzNkicPB,1
1Cd4wXTe4K9hkkp2HPcedV81snqYuyFMnt,1
1JChru9PRF5NNbvZHhwR77hh2AyxQ9HE3J,1
1Fv87qmdtjQDP9d4p9E5ncBQvYB4a3Rhy6,1
1Khc3qHEKsgqNj9dr1enm57THwv8tNJMp7,1
1CqnJHLRvsH7MbSipFZXMxkNLJLqkHdj9U,1
17mKVC2a4sQTgbXzgx4U8LijY2hN6UdxCB,1
15eFzTm1V12fZPa7WXK9ewJPdhKybu4ko5,2
1DgRNr5MDbqPBs2eadizMV7a89ZRysiNSi,1
1FLVitZzRL7PBU9Rd4f3ZKke9MpHSGbQo6,2
bc1q88gahc4qs9m50d9pxap3c5hn57mxkp9tvzkmrl,10
bc1qjws38k96mn6j2xq7lt746jurpyqekrg762n8q6,1
18XsKmM9xAUwKcS5QgCUZSs4Ru7pQsm7Um,1
1DyvFq5ZaKgoXt4BBTmMUGRCHuEWF68485,1
12g5DjWZzUuZPbKzuqMGjebNX4Eq7Vda2g,1
1GAnZQbybXb2QwKoq7VRqDVxv9jtYJmS9J,2
1Mqy489eEPBLn5P3ZjZJ1ZsDyLdGioSsaE,4
1RqQsJYnEEA2XybXXfzs6quexLeRYvzwJ,1
bc1qa2gnl382pdy7j908gjcn74cgf9wx8va2u2ky5w,1
bc1qq904ynep5mvwpjxdlyecgeupg22dm8am6cfvgq,1
bc1qewy445arwf28ewht4d78msj6hgqtkjzlq5q02y,1
bc1q043rd0y0j4u5us93c6rjnkagaqfcd9vz26cwhv,1
bc1q9ug082u6j3g4cg3jqhyjyy0wtar6w2e2rvgarn,1
18kg63qnjQTuCd5MjJgX47pfvtzD3yptXb,1
bc1qxdydcuvcp9chuad8lu0az9t2v02p96neqtue9y,1
bc1qckt2p3n9700gsen8mx5szn3d5fgeumefcvzn4x,1
bc1q7sru3gvknk99jrkxyseut4txvg8rp20jul3n4c,1
bc1q9d5psxc8txh9zg05kf66hxsttm6et45dgaljtr,1
bc1q7tjshkxa9z3aw658cp6mxngkmvjre2hxwdq5la,1
bc1qgetxrzk8v5q7m082mnq559qaaqqyzlqlvsym89,1
bc1qz74dwxhzzq4qpv363welqvlkxw3zzevcfarjvf,1
bc1qgt7nx4yxfk9k83kdqkmyaw06wrvaxdf0xrj62y,1
bc1q6e5vc9udmd24dkhxz7wl65grmg6nzjwlqhdwzk,1
1Q7hjnr8VM1rnHKrFpPhnByLFaxpbnttsL,1
1D5oPj65UbTJxRssx1bNGGTHmzyVRCEvxk,1
bc1qy08pugv9fwlzw6ra4pek2kglsm3at9lhw5hh2j,1
bc1q47hyqwzq2zzyxwqcf677l4xyh85dk0a7sf5wam,1
bc1q0hwmsa80u5g6zq5dpqp27uzg8vd0rllq4mtzea,1
bc1qfk634ewd8qgx0dcv5auz8r3ycyffh7gxy9nqp0,1
bc1qt5gd8ff0esgt3v4auwmwdsn0nwfwcnmdga3u6x,1
bc1q0vlh3nrrg05pe05gaajvkfk4tvygt65kd2pw8n,1
bc1qjqdycq26k0qx07mf3syekunphtf3n9s99verdd,1
bc1qvhcm3nft3zamqv55w0dan3tqz3gfteteyc4zw7,1
1NfXXK5UqCiCYZesAuQYdxSQTeqVJxavcv,1
bc1q3nvnulj6ck9fxfuwkzj56f9cs7qtfusp27jjsd,1
1975BXjRAAy91MDfSrNovwREaivY2YAqwD,1
1PKQhQfPzDpfCLr7Rstk9jFREyC9vHbme4,1
1GPEtcFKgsvdiSFJtEN2KuH2kpVmdLYm5E,1
1KL4h62iknUzPBgEZBHREHujVfHAkkFEfx,1
1NphqARGgnwcgARHSJXb7qK3tSng4LgfZA,1
bc1qtx23jxypfc0305azwqug95776z5urzat3xdmp6,1
1KvBGeJo8MBzxVxezqgYvB4rt5UDCzsPsS,2
18HifZYFqrynBdQnYY2mHY52TdoYzeZy9J,1
bc1quaavls9kt294jgpyk22ejp2sfpwg4whfjtedda,1
1KrMta6RxbdHzgTt7KtQJPJfsb7iCbfBdm,1
bc1qq9478u3ztfaap73rs8eu6gkcrd709ms682scaf,1
1CTrMJ49MHwqWmDDdfMCqgtaoc2pYL3sBN,1
bc1qzrpu9vlwp6narxwcljec3rafth7ll5p6mclnhy,1
bc1q43xf6tphseu0qvc4f393lxtmvefcd966s6k0d3,1
bc1qv7s5mneqngq2act3p3j0vqd03gs73ur5stt6z2,1
bc1qmn8v5f4630ssa8ussvth02a74pc2lrwwzyfek8,1
1Q7yXeY5aWL7wsLyjk9hFj7hiJ6g3awiW2,1
bc1qxmsergy2e7fnluygadhk3xsv536xfg2tl4ymq8,1
bc1qul7v7x2nw0vppepkl0tttet2e8vy2ge2nuzzec,1
bc1qqyh77xkz2z20hmq9g2ktz3vk54mdng5lgmqqnn,1
13Z1ZjkjbyN38a9Qp7VBBytrYW9eFREENy,1
bc1qvd9xsnehghvjxla2eatpr9yrqrcquq65ffrxj2,4
129rperiv4GAn5gHDK6qHY4MS1FdeuXsF8,2
1HaDmPsQ44VKfgrd2sWZKAnw11xPjDXYrN,1
18anwTASPjzL6kBfMf2pFb2hrfGy2ywWmz,4
1LbaUERrrHFv4WTwjr9GLpCe7TUPad84WP,2
16tb19BMrjeUk2kV9xEzzDrhK33Fg46E9Q,3
bc1qczugf7n292pekad247ywuk9343vx4mjwd9mkv5,2
bc1q8dus056zsl4fylu57tyl20pwd948gvj2ecznsq,1
bc1qpgle8qeu7wwdckr27vhr9w03sn2ukpcsakfam2,1
36MkcU4DCgfYUZFf5u4hzDQiPwPhNYtr4C,1
bc1qyanv7sau8sqy5xjcm7vaee55j98kxk6g7832xl,1
bc1qy442m524c8egmkd8c9825jzepprp4vcyf2rrav,1
1AxsH2z6UdsnNnq3QdWxvScRLYJZ3uWcdU,1
17HcbDCwnqr9P87qummihUX4huFpk3DLD3,1
1HTztvan7HrPth3RGCrpybZsLfbt1Kqcwr,1
1Ep2VE8nBB8YFEaXNxPPFm8wnJPQQzLq93,3
1MAz4vmRnTyYir7KXSM27erngDGSB2cXtF,1
1AK5RA9tteEePeujaLsFTF7LL7s6GRVvbf,2
13acR54cCnKCVTQdmhgVUDfsLt3ZskTjvb,1
bc1qa9l8cgp4d5jeam6smjveg8l35yxr0300mkeya3,1
bc1qx6pv0tqlyl5zx2k2pdhk20vrq2r28n6qrzptas,1
1Nrdh3N5vEPse3xXfU8ZjujhMBwVyXwcEc,2
1Pamgz7aReBGQFdmimBvDGpmmc19GLbWY7,1
1KjfpfGamhpxNFZHpesLhSABbA8XcyNW9B,1
14ufjaWnxZcwmheAEL9rtav4wSQiCp9vrX,1
1FJXZgW6VddCfk1MtgHfgg6grLwcUjxYaJ,1
1MaGPcMVZfi4Fjifq5oQxvn7Wqgb9UqBMz,2
14GZn7m3qe6xpczCfZ4xvTKDddxevFCfLU,1
bc1q2dfrph65shy678h37fxj79t2wd8rhuk2zzphzk,1
bc1q4mfu79vz2pdtrumuuhp69k9lsfy3fzaekykx5c,2
bc1q0he4tz8t3edaxtw4e86tyhga4m0w6epkvvd94g,4
bc1qgz69vtz0q6s8296z6gkq5sapxnc87june62suw,1
17ovkwrQHJcPyWscnMFQAkiPFyJS8VamUy,2
1EwhZKx2n2ZurQWQvALna9Uuk2Tut1FMgP,1
13uyeJrFoupqYJcR1RD5szvLF6DvJxirxo,1
1BepCXzZ7RRcPaqUdvBp2jvkJcaRvHMGKz,1
1DioGzYqocZSunixyyy7yG9bGay5X645Vk,1
1AdXFbMumfrGtX53KrvSv3nwrk5XFQH77a,1
bc1qnkgeh6crlfqyefa7yum0eazdxmvnjm7av5kthw,1
bc1q08y9r4mlnfrkmw8d7yvxcrtghga0x3xw7hd6ct,1
1PtnQWS7e9MJcpQH3zEBR6diuMrjxmdagz,1
36aAk6T7sffYUVnL6iwQzV9cXbxyz2sz7h,1
bc1qge3ffxjd4qlrf5rtktgcknu2n0zmemxy2lrzsn,1
bc1qquz6anag3v07mnlvj0a8zlwxy9z9esjgk5kg2m,1
1ACxDEedAgLRLrCya4bFXqg7oUzTUMxq3c,2
123yGi9ph66NfC5YSvuKQ21b9iTQGTrYYJ,1
13kzfa2SqG4rFYHkiLQC9DRSJvbciuR4da,4
bc1q8qm00n684mezsd72gvkxzau5fyhu9q2hds7ypp,1
bc1qjjndzkm28qwapam0473kk672wvv3udwncl70sn,1
1mhW5B9GWGZyuDs4Xt5KqBDHdt2MxV6KN,3
15hznn8JaMD2wsgXqvDz6pynd512TM3Mow,2
bc1qm5f3p8vamynwrhsms7t86hdyl5najepx5xf06j,1
1NNx7o944Mq8hSMVooFoJJVagr7iSxe4B8,5
16GRo5x4sxf5hQ1HzVUhCAfNEXWyBxhjXs,1
1BH6aPPzwjTYQnNsWCayefZ1pCHFun6ypw,2
1B2tuKQhMAywWGiReqM8FxN9wfjR2CLiRk,1
bc1qsrq7h226z9jqhhpkcgqqyssw78cj5u4n5tgqj5,5
bc1q4u9r2k8a6xx0slv2n7kxhrnszxmuhkryjpfnww,2
bc1q6uywluymz9mvywd9w06a2sdzkqma706wumx8ty,1
1EUQUJtKgKRrSnUYfCe81xirUVsffLvy2L,1
bc1qqm02g3ss9yth8lwpfae5rfeg6mdd72psqw08z2,2
bc1qtqegmxzga5246pu77c4fm4g4m7mazl7f2adeh0,2
bc1qj3lq2c0p26azm4jsxcwxum0dkp6klh8s9j35n7,1
1NySoBfwUvTxHPnYoJUHG7KqNP5RAwBftL,1
bc1qeug6a6khl7fquvmjkru9lv0c550477r2d2vuyx,1
bc1q4er99qdyzxd0sxt6jd43vvacngq9mwf9grd4hj,1
18qvF12wVS4mA52qyJ77eK828xqGTNNcka,1
bc1qmcvrp73u0elaqmf37dttzfcmp9cr9cakdkwgl0,1
126k3vq9EdoG19AY8K1RpCYxkYcSBwbxLB,1
bc1q63vhwrrydez2lvz2hz5h9qqhfyjp4pghhgw3pk,2
bc1qy2jl7m59nu8vm2h7hheas79p60u8glcce5qqej,1
1J4tX6CLPbdy9pZGWDVwJ4soJFH5mtnAT5,1
bc1qznwwquhvgt7v626m5l2v0rvy6d5z8l2k80zmg8,1
1FQYTmeYoEcJ5Q7yZCB6479KYda1BqjScp,1
1FYnxQorLYJsZW4rKm3r8SzmjJmButkF7d,1
13j9aWM7hAJCgpFq2uWPUtJ36ZiCX139DG,2
1DPkheFcRjaqbCovTj6AmUmwZLQWahDe4F,1
1ASN1Cgyqhs2bgYcTCekDzy2dvGxm2AtEX,1
19S9nZVjupgeJT1QajNBSZVEJzPAvZPmXr,1
bc1qz7pzy5qlts4wp37f3mtwk03w27kja3g27pg6cd,1
bc1q8dqxlrj22txz2h0wj4ntjva99ctvdnhpc0kezr,1
bc1qnn9df8v0w4tglywzqmmrwv2ec7jwmju30g2zxm,2
bc1qkhcrmf3vvmzpmxsua5j8tdj4pm6n5c4zy3s333,1
1JKoV1azXiS2L8vod2cjbLgt5srb7X9dbd,3
1Bnatu9cZPCbVKniuShkoDEKcM2u9PibP1,2
bc1q3t6m2k4nrehhz2jr7tm2ljckrahdqryu3rau5m,2
1DtXwPXRAQW76g2UsE1yTXuryP2CeJd3iq,2
bc1qlgjnd2k5m24ea7clhpycdq4ydq4vt9uf233gaf,2
bc1q3mq8ahyq766xde92eja5wrd3zp76nwrz0yt5zp,2
18nfkgiq3PyFUyJwa2ZAgMYXJSXKPHHveB,1
bc1qfu7sj79007j4rjccjvw44xvv6yr54hcysmng7t,1
17KaL1bdTSNeLjAFqydnPYfNeALiSArjNM,1
bc1qr8kljms48hnjwcwvhw69v83tugy8e52ruwccnz,1
1Db9ApbMhVukPAJzT54ajnxPXwozN7SJYr,1
14wpnmAULMwaKTRvGRTqoebDh2vuW8LsRo,1
1G5a8WCSJPE8yAwHkuaWgznsTCbVmV4zPy,1
1HUurtzk1fn7a1bBy76nYuCaVXeb16YrHy,1
bc1qk6mtvz9dalw4985njsjwh6wtuwt6qsfzek8ce4,1
163rPQ2f9D8pXxDVyeJdx2HtQmYBBHoAnB,1
165uq54DeX4NJ3mTaXTixzP4mufz7wHQQH,1
1NgRLGednjQz52vUaSRhsHNTWdUb94qoan,1
bc1qs24ah5kn7g3nrfn9azcp6lzcl6wdhdu9lkg4hq,1
bc1qjpjanssen2x7586qzr8fnmk0epfdttqwfkkvlx,1
1KEHvgrFpEpFqnPC6bZ1adBzATRHSXHB8S,2
1AE4vfkDX4S49kxsuCve7zJDS5s5RtHYNs,1
17wXNPANfZ7atZU8DhT4m8EvNnJHXFTjbU,1
176MXHPSiQN6PVufNEdCKCtoUfygEsgtbg,1
18MHg27yggmG6SEDJNKm8p66XALaLJPNtU,2
1NdRWpNYhjsEgov5mpkB6e42peiNTVaoNK,2
15U6cgmszvqP9aQuYhfzY599C81xBZhJYA,1
14GSVW6JHNg8TT5o3nxZ7Vthhi8NWQSVmS,2
18jVmWYQfRhe7k3ydTqx7p48MxVpoEbgHJ,1
1PyzEPc6QD5NsaSyZNyQ8kQ2sNSkMTt9Cv,2
18R3uhKnmqkQpcF3yaFMJxGrZew5vR8ce3,1
1ARxw3VTGYSeANnRyC52pH1cJ9V6HEXU8Q,1
1GmDpcY9HDC9x4LRy1nBmV5fR3Yo3Gkq87,1
1Q8vtZDzJYfL7MUsfCxYsZGtTXzLCRfRz5,3
bc1q9c9urdvfzrxqydzemvfh46wfsn73flnenumam4,1
1QJATkQ7rE1vghhMxpaeiUUXiCsckUPLzc,3
bc1qxa3xeha0pr7txsf374hca8uyffn69sahs8d6x0,1
18bLBCBdGw7Qc78MJi7geUbUUtTND2DVTq,2
1J5FJzMUuFBSCYaSr5G94m7zpyEujC3dzn,1
bc1q9x2j7ttzwl55tf8kct2ctn7p5nlemru3h08swa,1
1DBWLmNDYC42qAXmDt7W2DC3hLfREEjEFR,1
bc1qqd0psduwm9lr83tx82mfnc5ge78ar0gr5msgt7,1
bc1q34c75g72f7e4zhu77k5vgqm6ulzyh34lpmcxlz,1
bc1qkw8xnncer5mynwmkehzwgez4rhmdfqvsp6396x,2
bc1qlqzmrg9syyplemqh7fara7flmqjp295qdrxg2m,1
bc1qdr7m0cd8csuq0p3jjq7cekxjclwzemks9ux208,1
bc1qdzw3pwya8y62670dnjumq908vam29m3hhh0ucx,1
bc1qnxa483l9lpu9m4dd4s0rszqnlef9djy4vpk5ar,1
bc1qphmthc7wg8cfc5m7aujy2v9knj6ez7etf5xetn,1
bc1qvply27hf7k3vl03wvh984w8t2u9uyntxppnm7m,1
bc1q6tcnrttxj8canlp743w28lruxxgq2z557ulwu2,1
bc1q7h9eftkhddjyeev7hesyq4vly757lv9wrjhu54,1
bc1qhl4t797q6wxpqh30ta7k5vlktqc65q6trgujng,1
bc1qkpnktx5njl3f7hjq03tg8ym9j9pvsxq7hl8l9x,1
133kZF5yM2teQVPzbuM2xbmjotf34Wv4Ko,1
bc1q208t7wpptzz7xayw6nwjjvs4xw8eed4psvcrlc,1
bc1qnzx3ys3jdwzf4tssfdxfksa9qkpns5a2shpqsc,1
bc1q53rxyftdtqh45gc2dsr6u6vuu5yhhmklym2g3g,1
bc1q7lme8aq77pgfvey78m0ar0wj3cmk4qcrhxupcf,1
bc1q2936p4cwrqxev59l76fzlchx67ret5pwgfk6r8,1
bc1q5vwt7udh9e0lq9h80p3y60m4x8ak89y3j82xav,3
bc1qra4darqav2f6wxfqmttfhz0k6tq6fns4pmmp2g,1
bc1qs7gys5v6x9psm3ydca5fcz0dzlysax9njva7v5,1
1JJZUfMj6SkfKfwbTAD18wYM9HC2Pbx52c,1
1QcWDoMPhhNrAs1Db79ZdVekjCWhauijo,2
bc1qr0h0gzgdnyqdj73zpg2ad2f2lne6krtafnruyg,1
1CKFsuqaTs5nckEk52VavPFen9gXtCCrEg,1
1BsZaA9RvEssGjWRxYmgYrCpmRqT7tx8Zu,1
114HED9G1N8ojrfYZEKvNXnid4W3Vbm7eM,1
1ATdn3EhbjRhXp5K3pERfGbeANvnedXyUB,1
37mwHpX7DXRvA6S9U6EPLnoo5kfhhRQMdQ,1
1CryJH93j8njnQ4snmmLHEZQPe2h2t7RGW,1
bc1qzl5xt45gazvj2j4su2xdm5tftqkckgst5hhald,1
1LRKExkCJ1aE6rsHGoBJXnZDukmwk7TTLE,1
bc1q0gyk60qgz0x8vlfy47c5dqwh6a5rxf7vqav7rp,1
bc1q236jepttn4cl0h09az4tzv5z6fl4lq77z95av4,1
1548VqHmHQzF7btpXUMnnLfpoUB6C6ica3,1
bc1qhxer39p6p7eaa53kdgrcpjksen963lyn2zs7qr,1
bc1qe5sz3mt4a3e57n8e39pprval4qe0xdrkzew203,1
bc1qdldfzlep5e5l8x5cjnk54r0jl27dsk3v2uga75,1
bc1q44nl9nys2yjs8tyq0u8ckklzrqa5rq276ra9k0,1
13MjaVFXNnJNE6XqfZfpWuMp3W6twjUpGc,2
1FnM7akSCD8G3fRQHCUEXRCfL35gptsPZB,2
1AfujCEgdtkZogXmbJULJf6VgtZy1429VA,1
1J1KTopuVdGqdwTYRsruEhsbg96Apmxd5T,1
bc1q4gm350gyesu8v56uhvwcta3nv55p2mu98u04uk,1
1FZzA4kPgwvN3cCTEntiPgm2Jwq4U4Zrgt,2
145wvcmy69HVGiKNcHtMPifDhHe8uF5A57,1
1AE68dLHH8dJnYZyXW4QRcKFe9XgmW18rV,2
1G1bs54vfXp6mvnKJMgwPQ9th1LNf7Pxy7,2
bc1qhc9qjgm9dl6pwnsc2tyl6aw32uxvckpp6gwz57,1
bc1qxc9d5npkjpmlhn9vjprjwctp475tfnf2w7swpd,1
16qEfHmkBXFKoR2bmbA8zzcfN9jz2d7XXH,1
1MXEmbCCZFzSBgh6qLGD4TeSyeEFpHLsVx,1
bc1q6e386s5kj903jkscsp60ptpeugz38hcqp0pcdd,1
1CV34qayyWnu8j4wgrUYGKtFCtaitdYBya,2
bc1qxqh98v3namtxydw6rzvq53vs8cw70skfgplwpr,1
1JRC24H8h4YzDQRH95DtAair1Sp8jxL9qn,2
bc1qrezkh60cg43fh87tma4us4d3zdrgczjhx93nah,1
bc1qamn00cdns674g46ta9la4tsl6jesaqxpqm5x27,1
1C18VXP6WgkoKeXbpRUdW9eJe5Z5QbrgaJ,2
19bDztcUf2eLwsuyADU66T8SbP2LLETY87,1
bc1qcku203evlyarq2tj97g3pvenamc7m4xww6eysq,2
1LXLoHNGkkBYZRXakeoXWujThhwkYVz4Mg,1
bc1qe549xynetusjh0nstpy3aq3389dqpsjwfu4xyg,1
bc1q7thjp4z6qa685ppdy0tm2zruzwd9ww60s8tgnt,1
bc1q5s09h6673cz0wqmzak3cqwfarkg96ly0fr5c47,1
bc1q57s3nr80yuc5avc5j2fqaeww05ywhas4t2ttqg,1
bc1qcc5gftla0y54hwrewxfkw308z0awt3ujfktd7l,1
bc1qfsmzuguq5sqdwmsv8v4w56uly2uz3ukxr75ua4,1
bc1qz9hjwmhsm6rtp8v24d8rftq4k9g2tzjh5v5h3j,1
bc1qz7v4am4lf2ujmv9kfj0lsuuz837j7amcktpyfd,1
bc1qrjfuvt72qkczvk4z3sc2yk9s8wnjkv5j085eu0,4
bc1qcyxjem0rq8mfs5leca584s7krh202mnh7qn8u2,1
bc1qrpu9j7uqrp4nzjsseqh74xrsuv4vhxy66edyk9,1
174pxDPP2ndXDVAzVEmERGMDh8eeCSwRQm,1
1MAo43YtoR1aGT1rvpBBSfj34qMh9BUEH7,1
1ER85tmNHmKUaojwu42o2JsgRR3egHnFHX,1
1MTZH7n2iU2rv2PcdgT9riqpmi9feBTBh7,1
1FRxFpP9XoRsvZFVqGtt4fjjgKe1h5tbAh,2
1HFLsVvQXXfAv1KMXSruDpSNwWwphqkuT9,1
1L9Mak5c4tJ8EPQTw1p33uq8fYTPbx3eZ1,1
15JBCs1i5xbLkiVqEesf9MRosn2XmXVCJk,1
1JajG222f9bkes6kmmLZD4JdChr64ryVza,1
1CnGR3gqUYLHrx897ddxSKd1VVHtXAiqtv,1
1KKaKER8cdM11FTPEVyJLrK5Gia2E8HVtx,1
1MEzXqRfUWgci19TiqzFPnPqpCZPJ8RZXE,1
15ykXwkQQuc9vLNHSoMid7PGPF1Mc8xYrR,1
19W1WE5bimC36UpuMKubH29HGQzaT6oD9F,1
135qDvhy3sMP7Kqi5yyomYBB37d1H2cr84,1
17MDQ2ovZefKueakNkYViAfNnDbpqnPqWh,1
bc1qcg45vujd9yllsln89cqwk283dyejulkw6jd27n,1
14VNVBGx1tJ2yChPCEQ7XBNUextRmfFBG9,1
19JExC5ehPSGYcuQef1Wc4MosVfRjxkfFg,1
38gh9qYduieSKea4MeKsocdmefdphuoH7K,1
16FafZ8xqZv8eAoffX9D5pfmS47YqFwYez,1
bc1qhs3r76kstp0390dk2ku6sw7r9hk6n6s4jdv6m8,1
bc1qvjthrc9upsn99kmvr4azsslqz3cf4szscmsfg0,1
1MjTPRdUpwH5e9yYLpiyE8zd1TvzwTvgUm,5
bc1qky37y5r8j6kg0z246k67nmux6m47v3u48w6jjt,2
bc1q4vjzq9jnya2jryemvqa7ltrursdudat0zv94x3,1
bc1q744er5y9w6qg278sz4uazqn7lnxws4vpzsz0un,1
bc1qhvwvsnqw8y4386y86m5m5hhf37xpy9tnax6lv2,1
bc1qd9svc6tjwl0auku8fpc9rw5602xzepm79kt84q,1
bc1q6rpmcy9gml7p9zmkrytw87q8frqa8ajxqr4xxd,1
bc1qm9tqhzhsdl82s25g8rfm755uff44nqwz2vyyr8,2
bc1q2vlehczgj94um28vj84sd9t0akzgffxzz3e2xh,1
1dKmZtfvmHMAz7ibz4Y9uXVMVdR3Jhtwk,2
bc1qydt33c7vp98z49hf5pzxc9mtk5rcwnnv0jry0u,4
1DCzK2SGFrwFr7T8tojhk95o71VjVPTVRF,2
bc1qzcfuxke5lxarcclzsf46k46xp7klrnc0juzwtm,1
bc1qsu4z5unhhujtsjf74jkkm9t2f9av7sqyad33ac,1
bc1q6yzmzrfypdfuh9cwxjwd89x48nusm372y7qynw,1
bc1qjhjtpcuhkxvvgc6mklydu9vz3e58hd5hukzm2p,1
bc1qkpxzn69pjlh843x8emr3gq9cc38dqcgzr0hjzg,1
bc1qmvymsvepz7v38qx36363zq7kwp0pvp5lyas4n2,1
bc1qgxcnu44nwyfynk4uxrhcxfn0z7e5uv0jraxzns,1
bc1qjq4p4n30s2nyzxawx3w9wphdcfhy6xq2c0qdqu,1
bc1q4tzvlcv29l0q2363tutvw3vhcynpwvpy32fnar,5
bc1q8qs7nnel48qzpel35d4l99dxx5xs5x3mx6xjql,5
bc1q7pmny6zwch76up6a5zzm2mze240yzvwd653wg7,2
bc1qhcycwf28u46cstk7z0909xe2w6lzxav0m4dj2v,1
bc1qxers7d8u7fkryhfua0udr9pfql5443sd8lq0ct,1
1NzDQ7HLm6PqJ2Wy6jEKMT7Zw1UbtjUV5a,3
bc1qwfmtwelj00pghxhg0nsu0jqx0f76d5nm0axxvt,6
bc1qluk9na28uyh6qd4jwhuyxakd9kqtfw6hg28udf,2
bc1q0n6g896excud5pzze5mm53fmwgg98k7jnckgc3,1
bc1q39lsntaspunkg5u74h8en5vh7wn8cz9qqsggle,1
1BqpGuSGN11zwFeUZi6gBK37AQCA32yVYW,3
14u5G2UHzbVt9GZs9DwnoTKhwe72cEWJah,1
1BpybGRiePvJfjAbPJgekPVEb2fkjNxRRN,3
17ZQ7wDMbFRFi8ojNJUvgDT5kCsanfuvhV,1
1P6Xzn5Zbt1MEzDf67WCKx6zTiE1c2w4bc,1
bc1qhpxn2xrpapne73kcedvq388lm3lc0559w0z9w7,1
1PNUGzDiaPXTEX3vbyXks39Z5TaHZtQJHn,1
bc1qzz2w736g7l5xksjqfs9sc36vwayx0sggj9pfd2,1
bc1qzsw35jjw87vyeq5rz3r2p80tfn8e6ln2wfa2fu,1
bc1qjw87yfflkrdhnan0n8qqw4pzk7pwkq2x2f4m2s,1
19Hyr7Kom1WXPwyFoWMzXdX87jL54UUdYL,1
bc1q7ndph9qxhl463pcjpc43fjnw36lp8sq7pzfwa0,1
bc1qg94lenjhr5d0y8tn8wsed4ucr0kr6pyr3fjnuj,1
19wwS4fHJAUkrcYGWpep1S5umPWtoJejZb,1
bc1qq3g30rhzh8tqmvha97zt47dcx4ruyfr74tyu9t,1
bc1qhuarrvyqxfrds3hqk34pa29p9u49z7flv49fc2,2
1691c3ZYSNmJc3PJGnkex5fnFdsw34LH57,1
13q5KinrhpRXt3tpvFWFpJ26d3YJBe44R4,1
16UBu6z59TT3A8mZhFYbXG8mpZmnqYMG2c,1
1JnS7dWAjhyH51wwQ9QctEDUK9hhc4GEGJ,1
15xem3szErher161QtBXiuZVzTyVqX1V2u,1
1G6dAAgLUo687J1D6nnhotjq1cwdrn9A3J,2
1upFtuDuTFqDqcsHnXbVJ2p6TTukDyZz6,1
1LdH5U62WJF6CeFZMz1WiypEsJAnQC4Boi,1
1ELuWjRfW6E5UtENyH1sHR8qp3Qr3JeH5N,1
19KXgJehguEGkCtUiNvuoGYELJrMrs5PuC,1
1CbdysjxaTw5vS3kqdK6qBSLb1rUbSx39B,1
1DJK8tvbZWbsHCaSkY5rRQD8A7Rar9HL8V,1
1PS7w96ofJ3wBM36hfvU7MmLk1GNeRgYY5,1
17MxVbjdArmnKF2AqMKMN6KBjASoH1BDQp,1
1Kr6QSydW9bFQG1mXiPNNu6WpJGmUa9i1g,1
bc1qunty20jvt0e6uvytrcgplazghl8322r6hpauty,2
1HXvXCVVMW7SkSEQw898pHsAJrpv96nUJw,1
bc1qsluhzfdhepx2mxz0cgmsdjpychqty0vzxa4pzj,1
1K59HTrFSfMnJYCuoVPjiMox6Q1RgX8trK,1
1A6EAK2PdMiJy2QeHNJUsydYAfaHUf4m3j,1
1J3dRpQSLEz8uAYUrbq8SciG8gJdt9xbhN,1
bc1qzfxkf80fusfrqa2raa374my9fx4nglyya99txu,1
1FRoqJkUaQhfJahDWHDB9K1pFcjsf5A2Eo,1
bc1qsdzw2cpgkf7uhsk8s6zfw7d5m6tzxr6gwaqrpt,1
3Nr8fxY8aYEHRPTkvagVwLZ4PnF2cPrWWW,1
bc1qvmancg6p5nq0ks0shwxzjudzl8c66h78tllcxa,1
39CFkVbZwyAoUugdnVKuHjHdWBzsgUHT6W,1
136ApDjY8Yis1XCKCVmBJJ4R33DMafHTCm,1
bc1q8aqjp2amuatk4ue9q68egvph5wxw44h5e26wjt,1
1EdzUjyPHqE6uajNR7oEFAfj6gtKaC18WM,1
1DBKghuz2NgYFWXXmb5J3bCqHABZUDNARC,1
3NTdsTvVdqkFE3veEpojY8q67KWufdFovB,1
bc1qzf6y2ltmjfgpt8wzmkrtn0h29yv33628z2vhs7,1
13DJJBfHhTHdBcGBx9TojTKA5RxMbAkGUn,1
1B9difewj5zKZ3dDxy3QnaC39TzTMj1B6B,1
14MxEkRDVSpvyqjGJVycZidK7P1fE7Jsxi,1
bc1qtddqkpdpnmrj5xnjap7dmx9duvuju7x9g4q74x,2
1CMoyHCfaZNRuhABEjSyNS5pMp6gpVkx6u,1
17kHVHkMNnNKGZWvm2n8c9796Gu4n4G9gp,1
bc1qs0gh292gwyhsrw9ctnhcutrd4pekhuwesj6mw2,1
bc1qldyhzww4glvt6gmhj2zphw84v8uwvtlwgz9a88,1
bc1qghhesxgs5rmfelpewxgqhhksl4h76s65wasv77,1
1D95rEm6aXafyw7WgzUoxvVxnUAkA1U4Cg,1
19c2JpR13LkkLwsDdVzwAQaJ8UUvnmUY6Q,1
13XhZYidP7Pouvnqu7JCPwV9jw9jjEdTZp,1
1F3mBiV1qchyNtCaqiDFysywDtPeHd3SrA,1
1LXrfcYujzRtSpjUoJX2Rzy7P7e4hp2qR,1
1JsnWTxrwBTWfmcbUAdbd3rvxEKWU6JNZr,1
12vzcFkSqGyWW2RH3y6ZjRHRG8TTKpoBpU,1
bc1qjw5tnvk779qllv0fhln2vre3wdcyyajw3dg8dq,1
1APEeor5Hxw89X6dXwouDN3SJWVu6QvTE1,1
1NiX9WfFFZFrQUvD4JqHvq6WoE56iziFFN,1
1QKrMdKQiHRpnKnbpgawP3XzWRqJceeexc,1
12J9natNyet9xNzo7hTp1XuiDpCBri64nU,1
15hsviNmfwxzYSGNLh14NrPdMNh459fAUT,1
1PU8Ymb6G9XG4gGt2PYGVTHrJFzub2bHJ8,1
12GJaQwGUJodKviRuo2r1C12rPskqExkf4,1
1qbaKa1vG8UBNpbTCxbKBjguGf8GScZRX,1
1N4ZCrCcNYAJxRWr3eW3pyuVb7HW5YxTd4,1
19qoA97FmiYhBAsv6wYx5K29UP5VcL61gv,1
1E2LutiSkjVh9K2WQgkpgaFHKciGHH7k7w,1
1Nsf5YmCR6cDNoxGyzLTUhLaSJxUqRRw3n,1
1GJX9RVjF75LCarD2aBXsmp6aJ3Xm3g1UB,1
1GbDKdKbb4Qb8eDgrHik2YwbnNr7a1azFu,1
1GVWREea1tJzt7cC3ieSwRQGoioSquabwy,1
bc1q9mtrck6rvq7urdt5q2z22nm5ar73cvau7xca9r,1
bc1qhs6ya0sl3nytv6c4s0sp3tez7e63hwx8cyrmye,1
bc1qzmcafum9wgewcfh2fu3xzglqqkcrv46yx7mxct,1
bc1q04qcx2vr7fgcwu2za5mqa7wgzydc266emypert,1
15uArMH8m3Z8ZHKbKTRcCrtrt2PpvPZ6q8,1
bc1q9npdszx5h0ztp3a399fz2lsurcllkxhcgd2q2h,1
1Nb1bd4FHatbmPs3k8J18YqAgTL2YMQGsw,1
bc1q886luh2aq6kf9rjt64uwwfqns0fllwhj6yke3n,1
bc1qwvhd0e2gs3wzqxylsws9pxaxcym695w09gp4yh,1
bc1qnahlu9qrhnzl2nagc7c56mm5hmp5e5cydsmuzf,1
1LUF8qRR1T6ECxsMN453meKsNfYefynxj3,1
1LKFPpszEWHh1BDavgbDYLswbVeA6XVhxz,1
